Sample name,Microbial sample,Group,Reactor type,Reactor volume,Height/diameter,Feeding strategy,Substrate,Pretreat,Co-digest,Substrate1,Sub_weight1,Substrate2,Sub_weight2,BMP,Startup time,Microaeration,T,OLR,HRT,Q,tCOD.inf,sCOD.inf,sCOD/tCOD.inf,tCOD.eff,sCOD.eff,VSS,VFA.inf,VFA.eff,FA,SRT,GAC amend,GAC config,GAC amount,Specific surface area,V GAC/V total,Hydrolysis efficiency,Acidogenesis efficiency,Methanogenesis efficiency,SMA-acetate,SMA-hydrogen
YY_01,,YY,UASB,1,2.5,Continuous,Acetate and glucose,No,No,Acetate,,glucose,,100,,,35,1.9,1.67,0.6,3.2,3.2,1,0.768,0.768,14.5,,,,,NoGAC,NoGAC,0,0,0,,,56,0.1268,0.22
YY_02,,YY,UASB,1,2.5,Semi-continuous,Acetate and glucose,No,No,Acetate,,glucose,,100,,,35,1.4,2.22,0.45,3.2,3.2,1,1.28,1.28,17.7,,,,,NoGAC,NoGAC,0,0,0,,,33,0.154,0.133
YY_03,,YY,UASB,1,2.5,Continuous,Acetate and glucose,No,No,Acetate,,glucose,,100,,,35,1,3.3,0.3,3.2,3.2,1,0.544,0.544,6,,,,,NoGAC,NoGAC,0,0,0,,,70,0.201,0.142
YY_04,,YY,UASB,1,2.5,Continuous,Acetate and glucose,No,No,Acetate,,glucose,,100,,,35,1,3.3,0.3,3.2,3.2,1,0.352,0.352,5.05,,,,,NoGAC,NoGAC,0,0,0,,,74,0.496,3.54
YY_05,,YY,UASB,1,2.5,Continuous,Acetate and glucose,No,No,Acetate,,glucose,,100,,,35,1,3.3,0.3,3.2,3.2,1,0.672,0.672,13.3,,,,,NoGAC,NoGAC,0,0,0,,,60,0.0522,0.394
YY_06,,YY,UASB,1,2.5,Semi-continuous,Acetate and glucose,No,No,Acetate,,glucose,,100,,,35,1,3.3,0.3,3.2,3.2,1,1.664,1.664,8.8,,,,,NoGAC,NoGAC,0,0,0,,,25,0,0.045
YY_07,,YY,UASB,1,2.5,Continuous,Acetate and glucose,No,No,Acetate,,glucose,,100,,,35,1,3.3,0.3,3.2,3.2,1,0.608,0.608,4.6,,,,,NoGAC,NoGAC,0,0,0,,,58,0.201,0.188
YY_08,,YY,UASB,1,2.5,Continuous,Acetate and glucose,No,No,Acetate,,glucose,,100,,,35,1,3.3,0.3,3.2,3.2,1,0.416,0.416,4.29,,,,,NoGAC,NoGAC,0,0,0,,,72,0.544,3.685
YY_09,,YY,UASB,1,2.5,Continuous,Acetate and glucose,No,No,Acetate,,glucose,,100,,,35,1,3.3,0.3,3.2,3.2,1,0.384,0.384,13.77,,,,,NoGAC,NoGAC,0,0,0,,,71,0.793,1.478
AM_01,,AM,UASB,2,4.6,Continuous,Dog food,No,No,dog food,1,None,0,88.56,60,,35,1.4,10,0.2,14,1,0.071428571,1.44,0.93,10.1,,,750,50,WithGAC,settled,25,1000,0.03,55.68,,55.91343,0.378245214,0.62145173
AM_02,,AM,UASB,2,4.6,Continuous,Dog food,No,No,dog food,1,None,0,88.56,60,,35,1.4,10,0.2,14,1,0.071428571,1.39,0.9,10.1,,,750,50,WithGAC,settled,25,1000,0.03,55.68,,59.24485,0.378245214,0.62145173
AM_03,,AM,UASB,2,4.6,Continuous,Dog food,No,No,dog food,1,None,0,88.56,60,,35,1.4,10,0.2,14,1,0.071428571,0.92,0.6,10.1,,,750,50,WithGAC,settled,25,1000,0.03,55.68,,59.16185,0.378245214,0.62145173
AM_04,,AM,UASB,2,4.6,Continuous,Dog food,No,No,dog food,1,None,0,88.56,60,,35,1.4,10,0.2,14,1,0.071428571,1.39,0.9,10.1,,,750,50,WithGAC,settled,25,1000,0.03,55.68,,59.03981,0.378245214,0.62145173
AM_05,AM01,AM,UASB,2,4.6,Continuous,Dog food,No,No,dog food,1,None,0,88.56,60,,35,1.4,10,0.2,14,1,0.071428571,1.17,0.76,10.1,,,750,50,WithGAC,settled,25,1000,0.03,55.68,,58.27293,0.378245214,0.62145173
AM_06,,AM,UASB,2,4.6,Continuous,Dog food,No,No,dog food,1,None,0,88.56,60,,35,1.4,10,0.2,14,1,0.071428571,0.34,0.25,16.7,,,750,50,WithGAC,fluidized,25,1000,0.5,75.2,,77.34607,0.36077886,0.936102936
AM_07,,AM,UASB,2,4.6,Continuous,Dog food,No,No,dog food,1,None,0,88.56,60,,35,1.4,10,0.2,14,1,0.071428571,0.49,0.37,16.7,,,750,50,WithGAC,fluidized,25,1000,0.5,75.2,,80.68835,0.36077886,0.936102936
AM_08,,AM,UASB,2,4.6,Continuous,Dog food,No,No,dog food,1,None,0,88.56,60,,35,1.4,10,0.2,14,1,0.071428571,0.82,0.61,16.7,,,750,50,WithGAC,fluidized,25,1000,0.5,75.2,,68,0.36077886,0.936102936
AM_09,,AM,UASB,2,4.6,Continuous,Dog food,No,No,dog food,1,None,0,88.56,60,,35,1.4,10,0.2,14,1,0.071428571,0.68,0.51,16.7,,,750,50,WithGAC,fluidized,25,1000,0.5,75.2,,69.20483,0.36077886,0.936102936
AM_10,,AM,UASB,2,4.6,Continuous,Dog food,No,No,dog food,1,None,0,88.56,60,,35,1.4,10,0.2,14,1,0.071428571,0.7,0.53,16.7,,,750,50,WithGAC,fluidized,25,1000,0.5,75.2,,71.41542,0.36077886,0.936102936
AM_11,,AM,UASB,2,4.6,Continuous,Dog food,No,No,dog food,1,None,0,88.56,60,,35,1.4,10,0.2,14,1,0.071428571,0.76,0.57,16.7,,,750,50,WithGAC,fluidized,25,1000,0.5,75.2,,72.55498,0.36077886,0.936102936
AM_12,,AM,UASB,2,4.6,Continuous,Dog food,No,No,dog food,1,None,0,88.56,60,,35,1.4,10,0.2,14,1,0.071428571,0.69,0.51,16.7,,,750,50,WithGAC,fluidized,25,1000,0.5,75.2,,72.33644,0.36077886,0.936102936
AM_13,,AM,UASB,2,4.6,Continuous,Dog food,No,No,dog food,1,None,0,88.56,60,,35,1.4,10,0.2,14,1,0.071428571,0.84,0.63,16.7,,,750,50,WithGAC,fluidized,25,1000,0.5,75.2,,73.25567,0.36077886,0.936102936
AM_14,,AM,UASB,2,4.6,Continuous,Dog food,No,No,dog food,1,None,0,88.56,60,,35,1.4,10,0.2,14,1,0.071428571,0.73,0.55,16.7,,,750,50,WithGAC,fluidized,25,1000,0.5,75.2,,78.23481,0.36077886,0.936102936
AM_15,,AM,UASB,2,4.6,Continuous,Dog food,No,No,dog food,1,None,0,88.56,60,,35,1.4,10,0.2,14,1,0.071428571,0.74,0.56,16.7,,,750,50,WithGAC,fluidized,25,1000,0.5,75.2,,78.39384,0.36077886,0.936102936
AM_16,,AM,UASB,2,4.6,Continuous,Dog food,No,No,dog food,1,None,0,88.56,60,,35,1.4,10,0.2,14,1,0.071428571,0.74,0.56,16.7,,,750,50,WithGAC,fluidized,25,1000,0.5,75.2,,75.7365,0.36077886,0.936102936
AM_17,,AM,UASB,2,4.6,Continuous,Dog food,No,No,dog food,1,None,0,88.56,60,,35,1.4,10,0.2,14,1,0.071428571,0.74,0.56,16.7,,,750,50,WithGAC,fluidized,25,1000,0.5,75.2,,73.15159,0.36077886,0.936102936
AM_18,AM02,AM,UASB,2,4.6,Continuous,Dog food,No,No,dog food,1,None,0,88.56,60,,35,1.4,10,0.2,14,1,0.071428571,0.74,0.56,16.7,,,750,50,WithGAC,fluidized,25,1000,0.5,75.2,,74.73914,0.36077886,0.936102936
AM_19,,AM,UASB,2,4.6,Continuous,Dog food,No,No,dog food,1,None,0,88.56,60,,35,1.4,10,0.2,14,1,0.071428571,0.32,0.24,15.1,,,750,50,WithGAC,settled + fluidized,25,1000,0.325,67.68,,63,0.372301106,0.736409304
AM_20,,AM,UASB,2,4.6,Continuous,Dog food,No,No,dog food,1,None,0,88.56,60,,35,1.4,10,0.2,14,1,0.071428571,0.42,0.31,15.1,,,750,50,WithGAC,settled + fluidized,25,1000,0.325,67.68,,63.49365,0.372301106,0.736409304
AM_21,,AM,UASB,2,4.6,Continuous,Dog food,No,No,dog food,1,None,0,88.56,60,,35,1.4,10,0.2,14,1,0.071428571,0.49,0.37,15.1,,,750,50,WithGAC,settled + fluidized,25,1000,0.325,67.68,,58.73804,0.372301106,0.736409304
AM_22,,AM,UASB,2,4.6,Continuous,Dog food,No,No,dog food,1,None,0,88.56,60,,35,1.4,10,0.2,14,1,0.071428571,0.57,0.43,15.1,,,750,50,WithGAC,settled + fluidized,25,1000,0.325,67.68,,59.2125,0.372301106,0.736409304
AM_23,,AM,UASB,2,4.6,Continuous,Dog food,No,No,dog food,1,None,0,88.56,60,,35,1.4,10,0.2,14,1,0.071428571,0.54,0.4,15.1,,,750,50,WithGAC,settled + fluidized,25,1000,0.325,67.68,,65.10844,0.372301106,0.736409304
AM_24,,AM,UASB,2,4.6,Continuous,Dog food,No,No,dog food,1,None,0,88.56,60,,35,1.4,10,0.2,14,1,0.071428571,0.89,0.67,15.1,,,750,50,WithGAC,settled + fluidized,25,1000,0.325,67.68,,64.50726,0.372301106,0.736409304
AM_25,,AM,UASB,2,4.6,Continuous,Dog food,No,No,dog food,1,None,0,88.56,60,,35,1.4,10,0.2,14,1,0.071428571,0.72,0.54,15.1,,,750,50,WithGAC,settled + fluidized,25,1000,0.325,67.68,,66.92797,0.372301106,0.736409304
AM_26,,AM,UASB,2,4.6,Continuous,Dog food,No,No,dog food,1,None,0,88.56,60,,35,1.4,10,0.2,14,1,0.071428571,0.67,0.5,15.1,,,750,50,WithGAC,settled + fluidized,25,1000,0.325,67.68,,68.95148,0.372301106,0.736409304
AM_27,,AM,UASB,2,4.6,Continuous,Dog food,No,No,dog food,1,None,0,88.56,60,,35,1.4,10,0.2,14,1,0.071428571,0.78,0.59,15.1,,,750,50,WithGAC,settled + fluidized,25,1000,0.325,67.68,,69.31204,0.372301106,0.736409304
AM_28,,AM,UASB,2,4.6,Continuous,Dog food,No,No,dog food,1,None,0,88.56,60,,35,1.4,10,0.2,14,1,0.071428571,0.67,0.5,15.1,,,750,50,WithGAC,settled + fluidized,25,1000,0.325,67.68,,68.00565,0.372301106,0.736409304
AM_29,AM03,AM,UASB,2,4.6,Continuous,Dog food,No,No,dog food,1,None,0,88.56,60,,35,1.4,10,0.2,14,1,0.071428571,0.67,0.5,15.1,,,750,50,WithGAC,settled + fluidized,25,1000,0.325,67.68,,69.12545,0.372301106,0.736409304
AM_30,,AM,UASB,2,4.6,Continuous,Half dog food+ half THP dog food,Yes,No,dog food,0.5,THP dog food,0.5,88.79,60,,35,1.4,10,0.2,14,7.5,0.535714286,1.51,1.28,11.5,,,750,50,WithGAC,settled,25,1000,0.03,64.57,,58.94261,0.39883584,0.595502501
AM_31,,AM,UASB,2,4.6,Continuous,Half dog food+ half THP dog food,Yes,No,dog food,0.5,THP dog food,0.5,88.79,60,,35,1.4,10,0.2,14,7.5,0.535714286,1.74,1.48,11.5,,,750,50,WithGAC,settled,25,1000,0.03,64.57,,62.81821,0.39883584,0.595502501
AM_32,,AM,UASB,2,4.6,Continuous,Half dog food+ half THP dog food,Yes,No,dog food,0.5,THP dog food,0.5,88.79,60,,35,1.4,10,0.2,14,7.5,0.535714286,2.26,1.92,11.5,,,750,50,WithGAC,settled,25,1000,0.03,64.57,,56.7271,0.39883584,0.595502501
AM_33,,AM,UASB,2,4.6,Continuous,Half dog food+ half THP dog food,Yes,No,dog food,0.5,THP dog food,0.5,88.79,60,,35,1.4,10,0.2,14,7.5,0.535714286,1.62,1.37,11.5,,,750,50,WithGAC,settled,25,1000,0.03,64.57,,58.97297,0.39883584,0.595502501
AM_34,,AM,UASB,2,4.6,Continuous,Half dog food+ half THP dog food,Yes,No,dog food,0.5,THP dog food,0.5,88.79,60,,35,1.4,10,0.2,14,7.5,0.535714286,1.73,1.47,11.5,,,750,50,WithGAC,settled,25,1000,0.03,64.57,,63.06311,0.39883584,0.595502501
AM_35,,AM,UASB,2,4.6,Continuous,Half dog food+ half THP dog food,Yes,No,dog food,0.5,THP dog food,0.5,88.79,60,,35,1.4,10,0.2,14,7.5,0.535714286,1.64,1.39,11.5,,,750,50,WithGAC,settled,25,1000,0.03,64.57,,55.59927,0.39883584,0.595502501
AM_36,,AM,UASB,2,4.6,Continuous,Half dog food+ half THP dog food,Yes,No,dog food,0.5,THP dog food,0.5,88.79,60,,35,1.4,10,0.2,14,7.5,0.535714286,1.68,1.43,11.5,,,750,50,WithGAC,settled,25,1000,0.03,64.57,,61.48432,0.39883584,0.595502501
AM_37,,AM,UASB,2,4.6,Continuous,Half dog food+ half THP dog food,Yes,No,dog food,0.5,THP dog food,0.5,88.79,60,,35,1.4,10,0.2,14,7.5,0.535714286,1.73,1.47,11.5,,,750,50,WithGAC,settled,25,1000,0.03,64.57,,62.019,0.39883584,0.595502501
AM_38,,AM,UASB,2,4.6,Continuous,Half dog food+ half THP dog food,Yes,No,dog food,0.5,THP dog food,0.5,88.79,60,,35,1.4,10,0.2,14,7.5,0.535714286,1.66,1.41,11.5,,,750,50,WithGAC,settled,25,1000,0.03,64.57,,57.08922,0.39883584,0.595502501
AM_39,,AM,UASB,2,4.6,Continuous,Half dog food+ half THP dog food,Yes,No,dog food,0.5,THP dog food,0.5,88.79,60,,35,1.4,10,0.2,14,7.5,0.535714286,1.35,1.15,11.5,,,750,50,WithGAC,settled,25,1000,0.03,64.57,,61.60837,0.39883584,0.595502501
AM_40,AM04,AM,UASB,2,4.6,Continuous,Half dog food+ half THP dog food,Yes,No,dog food,0.5,THP dog food,0.5,88.79,60,,35,1.4,10,0.2,14,7.5,0.535714286,1.4,1.19,11.5,,,750,50,WithGAC,settled,25,1000,0.03,64.57,,58.25974,0.39883584,0.595502501
AM_41,,AM,UASB,2,4.6,Continuous,Half dog food+ half THP dog food,Yes,No,dog food,0.5,THP dog food,0.5,88.79,60,,35,1.4,10,0.2,14,7.5,0.535714286,1.65,1.4,17.4,,,750,50,WithGAC,fluidized,25,1000,0.5,80.71,,73.05156,0.172243201,0.798737914
AM_42,,AM,UASB,2,4.6,Continuous,Half dog food+ half THP dog food,Yes,No,dog food,0.5,THP dog food,0.5,88.79,60,,35,1.4,10,0.2,14,7.5,0.535714286,1.93,1.64,17.4,,,750,50,WithGAC,fluidized,25,1000,0.5,80.71,,63.00728,0.172243201,0.798737914
AM_43,,AM,UASB,2,4.6,Continuous,Half dog food+ half THP dog food,Yes,No,dog food,0.5,THP dog food,0.5,88.79,60,,35,1.4,10,0.2,14,7.5,0.535714286,1.43,1.21,17.4,,,750,50,WithGAC,fluidized,25,1000,0.5,80.71,,75.44155,0.172243201,0.798737914
AM_44,,AM,UASB,2,4.6,Continuous,Half dog food+ half THP dog food,Yes,No,dog food,0.5,THP dog food,0.5,88.79,60,,35,1.4,10,0.2,14,7.5,0.535714286,1.54,1.31,17.4,,,750,50,WithGAC,fluidized,25,1000,0.5,80.71,,67.77818,0.172243201,0.798737914
AM_45,,AM,UASB,2,4.6,Continuous,Half dog food+ half THP dog food,Yes,No,dog food,0.5,THP dog food,0.5,88.79,60,,35,1.4,10,0.2,14,7.5,0.535714286,1.33,1.13,17.4,,,750,50,WithGAC,fluidized,25,1000,0.5,80.71,,72.03312,0.172243201,0.798737914
AM_46,,AM,UASB,2,4.6,Continuous,Half dog food+ half THP dog food,Yes,No,dog food,0.5,THP dog food,0.5,88.79,60,,35,1.4,10,0.2,14,7.5,0.535714286,1.07,0.91,17.4,,,750,50,WithGAC,fluidized,25,1000,0.5,80.71,,75.28465,0.172243201,0.798737914
AM_47,,AM,UASB,2,4.6,Continuous,Half dog food+ half THP dog food,Yes,No,dog food,0.5,THP dog food,0.5,88.79,60,,35,1.4,10,0.2,14,7.5,0.535714286,0.97,0.82,17.4,,,750,50,WithGAC,fluidized,25,1000,0.5,80.71,,69.20295,0.172243201,0.798737914
AM_48,,AM,UASB,2,4.6,Continuous,Half dog food+ half THP dog food,Yes,No,dog food,0.5,THP dog food,0.5,88.79,60,,35,1.4,10,0.2,14,7.5,0.535714286,0.94,0.8,17.4,,,750,50,WithGAC,fluidized,25,1000,0.5,80.71,,75.76126,0.172243201,0.798737914
AM_49,,AM,UASB,2,4.6,Continuous,Half dog food+ half THP dog food,Yes,No,dog food,0.5,THP dog food,0.5,88.79,60,,35,1.4,10,0.2,14,7.5,0.535714286,0.87,0.74,17.4,,,750,50,WithGAC,fluidized,25,1000,0.5,80.71,,76.82372,0.172243201,0.798737914
AM_50,,AM,UASB,2,4.6,Continuous,Half dog food+ half THP dog food,Yes,No,dog food,0.5,THP dog food,0.5,88.79,60,,35,1.4,10,0.2,14,7.5,0.535714286,1.09,0.92,17.4,,,750,50,WithGAC,fluidized,25,1000,0.5,80.71,,75.94685,0.172243201,0.798737914
AM_51,,AM,UASB,2,4.6,Continuous,Half dog food+ half THP dog food,Yes,No,dog food,0.5,THP dog food,0.5,88.79,60,,35,1.4,10,0.2,14,7.5,0.535714286,0.94,0.8,17.4,,,750,50,WithGAC,fluidized,25,1000,0.5,80.71,,76.74789,0.172243201,0.798737914
AM_52,AM05,AM,UASB,2,4.6,Continuous,Half dog food+ half THP dog food,Yes,No,dog food,0.5,THP dog food,0.5,88.79,60,,35,1.4,10,0.2,14,7.5,0.535714286,1.09,0.93,17.4,,,750,50,WithGAC,fluidized,25,1000,0.5,80.71,,76.72798,0.172243201,0.798737914
AM_53,,AM,UASB,2,4.6,Continuous,Half dog food+ half THP dog food,Yes,No,dog food,0.5,THP dog food,0.5,88.79,60,,35,1.4,10,0.2,14,7.5,0.535714286,1.54,1.3,16.3,,,750,50,WithGAC,settled + fluidized,25,1000,0.325,84.29,,70.23774,0.369317774,0.861961921
AM_54,,AM,UASB,2,4.6,Continuous,Half dog food+ half THP dog food,Yes,No,dog food,0.5,THP dog food,0.5,88.79,60,,35,1.4,10,0.2,14,7.5,0.535714286,1.71,1.46,16.3,,,750,50,WithGAC,settled + fluidized,25,1000,0.325,84.29,,67.28292,0.369317774,0.861961921
AM_55,,AM,UASB,2,4.6,Continuous,Half dog food+ half THP dog food,Yes,No,dog food,0.5,THP dog food,0.5,88.79,60,,35,1.4,10,0.2,14,7.5,0.535714286,0.93,0.79,16.3,,,750,50,WithGAC,settled + fluidized,25,1000,0.325,84.29,,67.97054,0.369317774,0.861961921
AM_56,,AM,UASB,2,4.6,Continuous,Half dog food+ half THP dog food,Yes,No,dog food,0.5,THP dog food,0.5,88.79,60,,35,1.4,10,0.2,14,7.5,0.535714286,1.25,1.06,16.3,,,750,50,WithGAC,settled + fluidized,25,1000,0.325,84.29,,71.27903,0.369317774,0.861961921
AM_57,,AM,UASB,2,4.6,Continuous,Half dog food+ half THP dog food,Yes,No,dog food,0.5,THP dog food,0.5,88.79,60,,35,1.4,10,0.2,14,7.5,0.535714286,1.33,1.13,16.3,,,750,50,WithGAC,settled + fluidized,25,1000,0.325,84.29,,80.54488,0.369317774,0.861961921
AM_58,,AM,UASB,2,4.6,Continuous,Half dog food+ half THP dog food,Yes,No,dog food,0.5,THP dog food,0.5,88.79,60,,35,1.4,10,0.2,14,7.5,0.535714286,1.02,0.87,16.3,,,750,50,WithGAC,settled + fluidized,25,1000,0.325,84.29,,84.30526,0.369317774,0.861961921
AM_59,,AM,UASB,2,4.6,Continuous,Half dog food+ half THP dog food,Yes,No,dog food,0.5,THP dog food,0.5,88.79,60,,35,1.4,10,0.2,14,7.5,0.535714286,0.84,0.72,16.3,,,750,50,WithGAC,settled + fluidized,25,1000,0.325,84.29,,84.50943,0.369317774,0.861961921
AM_60,,AM,UASB,2,4.6,Continuous,Half dog food+ half THP dog food,Yes,No,dog food,0.5,THP dog food,0.5,88.79,60,,35,1.4,10,0.2,14,7.5,0.535714286,1.06,0.9,16.3,,,750,50,WithGAC,settled + fluidized,25,1000,0.325,84.29,,80.31225,0.369317774,0.861961921
AM_61,,AM,UASB,2,4.6,Continuous,Half dog food+ half THP dog food,Yes,No,dog food,0.5,THP dog food,0.5,88.79,60,,35,1.4,10,0.2,14,7.5,0.535714286,0.86,0.73,16.3,,,750,50,WithGAC,settled + fluidized,25,1000,0.325,84.29,,82.59847,0.369317774,0.861961921
AM_62,,AM,UASB,2,4.6,Continuous,Half dog food+ half THP dog food,Yes,No,dog food,0.5,THP dog food,0.5,88.79,60,,35,1.4,10,0.2,14,7.5,0.535714286,0.85,0.72,16.3,,,750,50,WithGAC,settled + fluidized,25,1000,0.325,84.29,,78.48709,0.369317774,0.861961921
AM_63,,AM,UASB,2,4.6,Continuous,Half dog food+ half THP dog food,Yes,No,dog food,0.5,THP dog food,0.5,88.79,60,,35,1.4,10,0.2,14,7.5,0.535714286,0.95,0.8,16.3,,,750,50,WithGAC,settled + fluidized,25,1000,0.325,84.29,,79.4306,0.369317774,0.861961921
AM_64,AM06,AM,UASB,2,4.6,Continuous,Half dog food+ half THP dog food,Yes,No,dog food,0.5,THP dog food,0.5,88.79,60,,35,1.4,10,0.2,14,7.5,0.535714286,1.01,0.86,16.3,,,750,50,WithGAC,settled + fluidized,25,1000,0.325,84.29,,79.03616,0.369317774,0.861961921
AM_65,,AM,UASB,2,4.6,Continuous,THP dog food,Yes,No,THP dog food,1,None,0,89.99,60,,35,1.4,10,0.2,14,13,0.928571429,2.17,1.95,12.3,,,750,50,WithGAC,settled,25,1000,0.03,95,,64.20725,0.41803738,0.645429423
AM_66,,AM,UASB,2,4.6,Continuous,THP dog food,Yes,No,THP dog food,1,None,0,89.99,60,,35,1.4,10,0.2,14,13,0.928571429,1.82,1.63,12.3,,,750,50,WithGAC,settled,25,1000,0.03,95,,65.54711,0.41803738,0.645429423
AM_67,,AM,UASB,2,4.6,Continuous,THP dog food,Yes,No,THP dog food,1,None,0,89.99,60,,35,1.4,10,0.2,14,13,0.928571429,1.97,1.77,12.3,,,750,50,WithGAC,settled,25,1000,0.03,95,,65.32671,0.41803738,0.645429423
AM_68,,AM,UASB,2,4.6,Continuous,THP dog food,Yes,No,THP dog food,1,None,0,89.99,60,,35,1.4,10,0.2,14,13,0.928571429,2.16,1.94,12.3,,,750,50,WithGAC,settled,25,1000,0.03,95,,67.07891,0.41803738,0.645429423
AM_69,,AM,UASB,2,4.6,Continuous,THP dog food,Yes,No,THP dog food,1,None,0,89.99,60,,35,1.4,10,0.2,14,13,0.928571429,2.11,1.9,12.3,,,750,50,WithGAC,settled,25,1000,0.03,95,,68.1161,0.41803738,0.645429423
AM_70,,AM,UASB,2,4.6,Continuous,THP dog food,Yes,No,THP dog food,1,None,0,89.99,60,,35,1.4,10,0.2,14,13,0.928571429,2.14,1.93,12.3,,,750,50,WithGAC,settled,25,1000,0.03,95,,67.76866,0.41803738,0.645429423
AM_71,,AM,UASB,2,4.6,Continuous,THP dog food,Yes,No,THP dog food,1,None,0,89.99,60,,35,1.4,10,0.2,14,13,0.928571429,2.04,1.84,12.3,,,750,50,WithGAC,settled,25,1000,0.03,95,,67.8687,0.41803738,0.645429423
AM_72,,AM,UASB,2,4.6,Continuous,THP dog food,Yes,No,THP dog food,1,None,0,89.99,60,,35,1.4,10,0.2,14,13,0.928571429,2,1.8,12.3,,,750,50,WithGAC,settled,25,1000,0.03,95,,71.55982,0.41803738,0.645429423
AM_73,,AM,UASB,2,4.6,Continuous,THP dog food,Yes,No,THP dog food,1,None,0,89.99,60,,35,1.4,10,0.2,14,13,0.928571429,2.05,1.85,12.3,,,750,50,WithGAC,settled,25,1000,0.03,95,,68.3774,0.41803738,0.645429423
AM_74,,AM,UASB,2,4.6,Continuous,THP dog food,Yes,No,THP dog food,1,None,0,89.99,60,,35,1.4,10,0.2,14,13,0.928571429,2.05,1.85,12.3,,,750,50,WithGAC,settled,25,1000,0.03,95,,66.99194,0.41803738,0.645429423
AM_75,,AM,UASB,2,4.6,Continuous,THP dog food,Yes,No,THP dog food,1,None,0,89.99,60,,35,1.4,10,0.2,14,13,0.928571429,2.05,1.85,12.3,,,750,50,WithGAC,settled,25,1000,0.03,95,,68.29519,0.41803738,0.645429423
AM_76,AM07,AM,UASB,2,4.6,Continuous,THP dog food,Yes,No,THP dog food,1,None,0,89.99,60,,35,1.4,10,0.2,14,13,0.928571429,2.05,1.85,12.3,,,750,50,WithGAC,settled,25,1000,0.03,95,,67.64271,0.41803738,0.645429423
AM_77,,AM,UASB,2,4.6,Continuous,THP dog food,Yes,No,THP dog food,1,None,0,89.99,60,,35,1.4,10,0.2,14,13,0.928571429,1.52,1.37,18.8,,,750,50,WithGAC,fluidized,25,1000,0.5,95,,75.4843,0.294276899,0.848804246
AM_78,,AM,UASB,2,4.6,Continuous,THP dog food,Yes,No,THP dog food,1,None,0,89.99,60,,35,1.4,10,0.2,14,13,0.928571429,1.4,1.26,18.8,,,750,50,WithGAC,fluidized,25,1000,0.5,95,,74.29169,0.294276899,0.848804246
AM_79,,AM,UASB,2,4.6,Continuous,THP dog food,Yes,No,THP dog food,1,None,0,89.99,60,,35,1.4,10,0.2,14,13,0.928571429,1.23,1.11,18.8,,,750,50,WithGAC,fluidized,25,1000,0.5,95,,79.10313,0.294276899,0.848804246
AM_80,,AM,UASB,2,4.6,Continuous,THP dog food,Yes,No,THP dog food,1,None,0,89.99,60,,35,1.4,10,0.2,14,13,0.928571429,1.44,1.29,18.8,,,750,50,WithGAC,fluidized,25,1000,0.5,95,,76.01202,0.294276899,0.848804246
AM_81,,AM,UASB,2,4.6,Continuous,THP dog food,Yes,No,THP dog food,1,None,0,89.99,60,,35,1.4,10,0.2,14,13,0.928571429,1.41,1.27,18.8,,,750,50,WithGAC,fluidized,25,1000,0.5,95,,80.35668,0.294276899,0.848804246
AM_82,,AM,UASB,2,4.6,Continuous,THP dog food,Yes,No,THP dog food,1,None,0,89.99,60,,35,1.4,10,0.2,14,13,0.928571429,1.43,1.29,18.8,,,750,50,WithGAC,fluidized,25,1000,0.5,95,,80.07008,0.294276899,0.848804246
AM_83,,AM,UASB,2,4.6,Continuous,THP dog food,Yes,No,THP dog food,1,None,0,89.99,60,,35,1.4,10,0.2,14,13,0.928571429,1.42,1.28,18.8,,,750,50,WithGAC,fluidized,25,1000,0.5,95,,77.9961,0.294276899,0.848804246
AM_84,,AM,UASB,2,4.6,Continuous,THP dog food,Yes,No,THP dog food,1,None,0,89.99,60,,35,1.4,10,0.2,14,13,0.928571429,1.37,1.23,18.8,,,750,50,WithGAC,fluidized,25,1000,0.5,95,,78.99585,0.294276899,0.848804246
AM_85,,AM,UASB,2,4.6,Continuous,THP dog food,Yes,No,THP dog food,1,None,0,89.99,60,,35,1.4,10,0.2,14,13,0.928571429,1.4,1.26,18.8,,,750,50,WithGAC,fluidized,25,1000,0.5,95,,75.66821,0.294276899,0.848804246
AM_86,,AM,UASB,2,4.6,Continuous,THP dog food,Yes,No,THP dog food,1,None,0,89.99,60,,35,1.4,10,0.2,14,13,0.928571429,1.4,1.26,18.8,,,750,50,WithGAC,fluidized,25,1000,0.5,95,,73.05259,0.294276899,0.848804246
AM_87,,AM,UASB,2,4.6,Continuous,THP dog food,Yes,No,THP dog food,1,None,0,89.99,60,,35,1.4,10,0.2,14,13,0.928571429,1.4,1.26,18.8,,,750,50,WithGAC,fluidized,25,1000,0.5,95,,78.9716,0.294276899,0.848804246
AM_88,,AM,UASB,2,4.6,Continuous,THP dog food,Yes,No,THP dog food,1,None,0,89.99,60,,35,1.4,10,0.2,14,13,0.928571429,1.4,1.26,18.8,,,750,50,WithGAC,fluidized,25,1000,0.5,95,,78.83047,0.294276899,0.848804246
AM_89,AM08,AM,UASB,2,4.6,Continuous,THP dog food,Yes,No,THP dog food,1,None,0,89.99,60,,35,1.4,10,0.2,14,13,0.928571429,1.4,1.26,18.8,,,750,50,WithGAC,fluidized,25,1000,0.5,95,,76.05526,0.294276899,0.848804246
AM_90,,AM,UASB,2,4.6,Continuous,THP dog food,Yes,No,THP dog food,1,None,0,89.99,60,,35,1.4,10,0.2,14,13,0.928571429,1.48,1.33,17.9,,,750,50,WithGAC,settled + fluidized,25,1000,0.325,95,,76.25505,0.465228623,0.959904729
AM_91,,AM,UASB,2,4.6,Continuous,THP dog food,Yes,No,THP dog food,1,None,0,89.99,60,,35,1.4,10,0.2,14,13,0.928571429,1.37,1.23,17.9,,,750,50,WithGAC,settled + fluidized,25,1000,0.325,95,,78.43312,0.465228623,0.959904729
AM_92,,AM,UASB,2,4.6,Continuous,THP dog food,Yes,No,THP dog food,1,None,0,89.99,60,,35,1.4,10,0.2,14,13,0.928571429,1.19,1.07,17.9,,,750,50,WithGAC,settled + fluidized,25,1000,0.325,95,,81.16349,0.465228623,0.959904729
AM_93,,AM,UASB,2,4.6,Continuous,THP dog food,Yes,No,THP dog food,1,None,0,89.99,60,,35,1.4,10,0.2,14,13,0.928571429,1.3,1.17,17.9,,,750,50,WithGAC,settled + fluidized,25,1000,0.325,95,,85.61213,0.465228623,0.959904729
AM_94,,AM,UASB,2,4.6,Continuous,THP dog food,Yes,No,THP dog food,1,None,0,89.99,60,,35,1.4,10,0.2,14,13,0.928571429,1.44,1.3,17.9,,,750,50,WithGAC,settled + fluidized,25,1000,0.325,95,,84.73396,0.465228623,0.959904729
AM_95,,AM,UASB,2,4.6,Continuous,THP dog food,Yes,No,THP dog food,1,None,0,89.99,60,,35,1.4,10,0.2,14,13,0.928571429,1.45,1.31,17.9,,,750,50,WithGAC,settled + fluidized,25,1000,0.325,95,,86.40243,0.465228623,0.959904729
AM_96,,AM,UASB,2,4.6,Continuous,THP dog food,Yes,No,THP dog food,1,None,0,89.99,60,,35,1.4,10,0.2,14,13,0.928571429,1.54,1.38,17.9,,,750,50,WithGAC,settled + fluidized,25,1000,0.325,95,,87.91529,0.465228623,0.959904729
AM_97,,AM,UASB,2,4.6,Continuous,THP dog food,Yes,No,THP dog food,1,None,0,89.99,60,,35,1.4,10,0.2,14,13,0.928571429,1.43,1.29,17.9,,,750,50,WithGAC,settled + fluidized,25,1000,0.325,95,,85.70229,0.465228623,0.959904729
AM_98,,AM,UASB,2,4.6,Continuous,THP dog food,Yes,No,THP dog food,1,None,0,89.99,60,,35,1.4,10,0.2,14,13,0.928571429,1.4,1.26,17.9,,,750,50,WithGAC,settled + fluidized,25,1000,0.325,95,,82.72155,0.465228623,0.959904729
AM_99,,AM,UASB,2,4.6,Continuous,THP dog food,Yes,No,THP dog food,1,None,0,89.99,60,,35,1.4,10,0.2,14,13,0.928571429,1.4,1.26,17.9,,,750,50,WithGAC,settled + fluidized,25,1000,0.325,95,,84.08283,0.465228623,0.959904729
AM_100,,AM,UASB,2,4.6,Continuous,THP dog food,Yes,No,THP dog food,1,None,0,89.99,60,,35,1.4,10,0.2,14,13,0.928571429,1.4,1.26,17.9,,,750,50,WithGAC,settled + fluidized,25,1000,0.325,95,,84.30367,0.465228623,0.959904729
AM_101,,AM,UASB,2,4.6,Continuous,THP dog food,Yes,No,THP dog food,1,None,0,89.99,60,,35,1.4,10,0.2,14,13,0.928571429,1.4,1.26,17.9,,,750,50,WithGAC,settled + fluidized,25,1000,0.325,95,,81.36234,0.465228623,0.959904729
AM_102,AM09,AM,UASB,2,4.6,Continuous,THP dog food,Yes,No,THP dog food,1,None,0,89.99,60,,35,1.4,10,0.2,14,13,0.928571429,1.4,1.26,17.9,,,750,50,WithGAC,settled + fluidized,25,1000,0.325,95,,85.88507,0.465228623,0.959904729
YZ_01,YZ01,YZ,UASB,4.7,7.8,Continuous,Municipal sewage,No,No,municipal sewage,1,None,0,36,30,,19.4,0,0.5,9.4,0.201151875,0.1438325,0.715044292,0.087031765,0.062562,7.775,,,,115,NoGAC,NoGAC,0,0,0,20.76684408,,11.5206111,0.0302,0.0424
YZ_02,YZ02,YZ,UASB,4.7,7.8,Continuous,Municipal sewage,No,No,municipal sewage,1,None,0,36,30,,19,0,0.416666667,11.28,0.154020909,0.087276429,0.566653119,0.055946429,0.040453571,8.48,,,,128,NoGAC,NoGAC,0,0,0,60.19545368,,11.03746245,0.02691111,0.03020357
YZ_03,YZ03,YZ,UASB,4.7,7.8,Continuous,Municipal sewage,No,No,municipal sewage,1,None,0,36,30,,19.5,0,0.333333333,14.1,0.210889333,0.120147143,0.569716548,0.073994,0.055452143,5.5,,,,99,NoGAC,NoGAC,0,0,0,28.87851819,,9.910411148,0.02365889,0.03125858
YZ_04,YZ04_ave,YZ,UASB,4.7,7.8,Continuous,Municipal sewage,No,No,municipal sewage,1,None,0,36,30,,19.4,0,0.5,9.4,0.201151875,0.1438325,0.715044292,0.060152222,0.0433025,8.35,,,,126,WithGAC,settled,25,637.5,0.07,27.33805105,,22.96772029,0.0657,0.0576
YZ_05,YZ05,YZ,UASB,4.7,7.8,Continuous,Municipal sewage,No,No,municipal sewage,1,None,0,36,30,,19,0,0.416666667,11.28,0.154020909,0.087276429,0.566653119,0.044887857,0.030297143,7.88,,,,118,WithGAC,settled,25,637.5,0.07,64.45583807,,19.4778749,0.05326396,0.1019066
YZ_06,YZ06_ave,YZ,UASB,4.7,7.8,Continuous,Municipal sewage,No,No,municipal sewage,1,None,0,36,30,,19.5,0,0.333333333,14.1,0.210889333,0.120147143,0.569716548,0.064086667,0.051552857,7,,,,99,WithGAC,settled,25,637.5,0.07,40.45054905,,16.73863701,0.04792362,0.08946016
YZ_07,YZ09,YZ,UASB,4.7,7.8,Continuous,Municipal sewage,No,No,municipal sewage,1,None,0,36,30,,17.7,0,1.5,3.133333333,0.301428571,0.195,0.646919431,0.1065,0.074388889,9.38375,,,,228,NoGAC,NoGAC,0,0,0,0,,8.6,0.0797,0.0602
YZ_08,YZ10,YZ,UASB,4.7,7.8,Continuous,Municipal sewage,No,No,municipal sewage,1,None,0,36,30,,15.1,0,1,4.7,0.2725,0.19,0.697247706,,,7.675,,,,189,NoGAC,NoGAC,0,0,0,,,6.2,,
YZ_09,YZ11,YZ,UASB,4.7,7.8,Continuous,Municipal sewage,No,No,municipal sewage,1,None,0,36,30,,15.1,0,1,4.7,0.299,0.19125,0.639632107,0.101413044,0.072818182,7.675,,,,189,NoGAC,NoGAC,0,0,0,0,,5.6,0.0829,0.0547
YZ_10,YZ12,YZ,UASB,4.7,7.8,Continuous,Municipal sewage,No,No,municipal sewage,1,None,0,36,30,,17.6,0,0.666666667,7.05,0.195,0.12,0.615384615,,,7.48,,,,112,NoGAC,NoGAC,0,0,0,,,5.2,,
YZ_11,YZ13,YZ,UASB,4.7,7.8,Continuous,Municipal sewage,No,No,municipal sewage,1,None,0,36,30,,17.6,0,0.666666667,7.05,0.187,0.1175,0.628342246,,,7.48,,,,112,NoGAC,NoGAC,0,0,0,,,6.4,,
YZ_12,YZ14,YZ,UASB,4.7,7.8,Continuous,Municipal sewage,No,No,municipal sewage,1,None,0,36,30,,17.6,0,0.666666667,7.05,0.279562,0.2078,0.743305599,,,7.48,,,,112,NoGAC,NoGAC,0,0,0,,,7.5,,
YZ_13,YZ15,YZ,UASB,4.7,7.8,Continuous,Municipal sewage,No,No,municipal sewage,1,None,0,36,30,,17.6,0,0.666666667,7.05,0.2067304,0.1349891,0.652971696,0.085645294,0.058371882,7.48,,,,112,NoGAC,NoGAC,0,0,0,11.81202675,,7.3,0.0391,0.0364
YZ_14,YZ16,YZ,UASB,4.7,7.8,Continuous,Municipal sewage,No,No,municipal sewage,1,None,0,36,30,,17.7,0,1.5,3.133333333,0.301428571,0.195,0.646919431,0.0525,0.0340625,12.50167,,,,226,WithGAC,settled,25,637.5,0.07,0,,26.8,0.2693,0.102
YZ_15,YZ17,YZ,UASB,4.7,7.8,Continuous,Municipal sewage,No,No,municipal sewage,1,None,0,36,30,,15.1,0,1,4.7,0.2725,0.19,0.697247706,,,7.7,,,,170,WithGAC,settled,25,637.5,0.07,,,12.3,,
YZ_16,YZ18,YZ,UASB,4.7,7.8,Continuous,Municipal sewage,No,No,municipal sewage,1,None,0,36,30,,15.1,0,1,4.7,0.299,0.19125,0.639632107,0.068478261,0.052277273,7.7,,,,170,WithGAC,settled,25,637.5,0.07,0,,11.1,0.2021,0.1517
YZ_17,YZ19,YZ,UASB,4.7,7.8,Continuous,Municipal sewage,No,No,municipal sewage,1,None,0,36,30,,17.6,0,0.666666667,7.05,0.195,0.12,0.615384615,,,7.98,,,,111,WithGAC,settled,25,637.5,0.07,,,17.6,,
YZ_18,YZ20,YZ,UASB,4.7,7.8,Continuous,Municipal sewage,No,No,municipal sewage,1,None,0,36,30,,17.6,0,0.666666667,7.05,0.187,0.1175,0.628342246,,,7.98,,,,111,WithGAC,settled,25,637.5,0.07,,,18.2,,
YZ_19,YZ21,YZ,UASB,4.7,7.8,Continuous,Municipal sewage,No,No,municipal sewage,1,None,0,36,30,,17.6,0,0.666666667,7.05,0.279562,0.2078,0.743305599,,,7.98,,,,111,WithGAC,settled,25,637.5,0.07,,,16.3,,
YZ_20,YZ22_ave,YZ,UASB,4.7,7.8,Continuous,Municipal sewage,No,No,municipal sewage,1,None,0,36,30,,17.6,0,0.666666667,7.05,0.2067304,0.1349891,0.652971696,0.060966588,0.041184,7.98,,,,111,WithGAC,settled,25,637.5,0.07,17.24630025,,17.5,0.0756,0.0472
YZ_21,YZ24,YZ,UASB,4.2,6.2,Continuous,Synthetic wastewater,No,No,glucose ,1,None,0,,30,,20,0.664666667,1.5,2.8,0.997,0.997,1,0.233,0.233,7.55,,,,,NoGAC,NoGAC,0,0,0,100,,63.3,0.100334732,0.041976912
YZ_22,YZ25,YZ,UASB,4.2,6.2,Continuous,Synthetic wastewater,No,No,glucose ,1,None,0,,30,,20,0.668,1.5,2.8,1.002,1.002,1,0.203,0.203,7.55,,,,,NoGAC,NoGAC,0,0,0,100,,55,0.104191077,0.037020967
YZ_23,YZ26,YZ,UASB,4.2,6.2,Continuous,Synthetic wastewater,No,No,glucose ,1,None,0,,30,,20,0.66,1.5,2.8,0.99,0.99,1,0.272,0.272,7.55,,,,,NoGAC,NoGAC,0,0,0,100,,41.1,0.065835435,0.04373014
YZ_24,YZ27,YZ,UASB,4.2,6.2,Continuous,Synthetic wastewater,No,No,glucose ,1,None,0,,30,,20,0.664666667,1.5,2.8,0.997,0.997,1,0.072,0.072,13.26,,,,,WithGAC,settled,25,637.5,0.063,100,,83.8,0.119929692,0.059397934
YZ_25,YZ28,YZ,UASB,4.2,6.2,Continuous,Synthetic wastewater,No,No,glucose ,1,None,0,,30,,20,0.668,1.5,2.8,1.002,1.002,1,0.075,0.075,13.26,,,,,WithGAC,settled,25,637.5,0.063,100,,73.6,0.120539861,0.055727008
YZ_26,YZ29_ave,YZ,UASB,4.2,6.2,Continuous,Synthetic wastewater,No,No,glucose ,1,None,0,,30,,20,0.66,1.5,2.8,0.99,0.99,1,0.069,0.069,13.26,,,,,WithGAC,settled,25,637.5,0.063,100,,71,0.074097985,0.077966535
YZ_27,YZ32_ave,YZ,UASB,4.7,7.8,Continuous,Municipal sewage,No,No,municipal sewage,1,None,0,36,30,,18.5,1.395,0.333333333,14.1,0.465,0.293415,0.631,0.216,0.12,21.1,,,,,NoGAC,NoGAC,0,0,0,0,,34,0.04106,0.02556
YZ_28,YZ33_ave,YZ,UASB,4.7,7.8,Continuous,Municipal sewage,No,No,municipal sewage,1,None,0,36,30,,18.5,1.395,0.333333333,14.1,0.465,0.293415,0.631,0.166,0.089,19.6,,,,,WithGAC,settled,25,637.5,0.07,0,,38.6,0.04099,0.0382
YZ_29,,YZ,UASB,4.7,7.8,Continuous,Municipal sewage,No,No,municipal sewage,1,None,0,36,30,,18.5,0.331,1,4.7,0.331,0.208861,0.631,0.076,,21.1,,,,120,NoGAC,NoGAC,0,0,0,,,26.1,,
YZ_30,,YZ,UASB,4.7,7.8,Continuous,Municipal sewage,No,No,municipal sewage,1,None,0,36,30,,18.5,0.5295,0.666666667,7.05,0.353,0.222743,0.631,0.102,,21.1,,,,120,NoGAC,NoGAC,0,0,0,,,26.9,0.02122315,0.02662199
YZ_31,,YZ,UASB,4.7,7.8,Continuous,Municipal sewage,No,No,municipal sewage,1,None,0,36,30,,18.5,1.026,0.5,9.4,0.513,0.323703,0.631,0.157,,21.1,,,,120,NoGAC,NoGAC,0,0,0,,,31.2,0.02632387,0.03356874
YZ_32,,YZ,UASB,4.7,7.8,Continuous,Municipal sewage,No,No,municipal sewage,1,None,0,36,30,,18.5,0.331,1,4.7,0.331,0.208861,0.631,0.067,,19.6,,,,120,WithGAC,settled,25,637.5,0.07,,,31.9,,
YZ_33,,YZ,UASB,4.7,7.8,Continuous,Municipal sewage,No,No,municipal sewage,1,None,0,36,30,,18.5,0.5295,0.666666667,7.05,0.353,0.222743,0.631,0.08,,19.6,,,,120,WithGAC,settled,25,637.5,0.07,,,34.2,0.02512753,0.03531922
YZ_34,,YZ,UASB,4.7,7.8,Continuous,Municipal sewage,No,No,municipal sewage,1,None,0,36,30,,18.5,1.026,0.5,9.4,0.513,0.323703,0.631,0.129,,19.6,,,,120,WithGAC,settled,25,637.5,0.07,,,38.3,0.03294113,0.04098791
YZ_35,,YZ,UASB,4.7,7.8,Continuous,Glucose,No,No,glucose ,1,None,0,91,40,,20,0.256,2,2.35,0.512,0.512,1,0.095,,13.4,,,,,WithGAC,settled,25,637.5,0.07,,,28,,
YZ_36,,YZ,UASB,4.7,7.8,Continuous,Glucose,No,No,glucose ,1,None,0,91,40,,20,0.341333333,1.5,3.133333333,0.512,0.512,1,0.094,,13.4,,,,,WithGAC,settled,25,637.5,0.07,,,50,,
YZ_37,,YZ,UASB,4.7,7.8,Continuous,Glucose,No,No,glucose ,1,None,0,91,40,,20,0.499,1,4.7,0.499,0.499,1,0.037,,13.4,,,,,WithGAC,settled,25,637.5,0.07,,,59,,
YZ_38,,YZ,UASB,4.7,7.8,Continuous,Glucose,No,No,glucose ,1,None,0,91,40,,20,0.764179104,0.67,7.014925373,0.512,0.512,1,0.036,,13.4,,,,,WithGAC,settled,25,637.5,0.07,,,84,,
YZ_39,,YZ,UASB,4.7,7.8,Continuous,Glucose,No,No,glucose ,1,None,0,91,40,,20,0.998,0.5,9.4,0.499,0.499,1,0.04,,13.4,,,,,WithGAC,settled,25,637.5,0.07,,,95,,
YZ_40,,YZ,UASB,4.7,7.8,Continuous,Glucose,No,No,glucose ,1,None,0,91,40,,20,2.028,0.25,18.8,0.507,0.507,1,0.088,,13.4,,,,,WithGAC,settled,25,637.5,0.07,,,99,,
YZ_41,,YZ,UASB,4.7,7.8,Continuous,Glucose,No,No,glucose ,1,None,0,91,40,,20,0.256,2,2.35,0.512,0.512,1,0.083,,11.3,,,,,NoGAC,NoGAC,0,0,0,,,27,,
YZ_42,,YZ,UASB,4.7,7.8,Continuous,Glucose,No,No,glucose ,1,None,0,91,40,,20,0.341333333,1.5,3.133333333,0.512,0.512,1,0.116,,11.3,,,,,NoGAC,NoGAC,0,0,0,,,48,,
YZ_43,,YZ,UASB,4.7,7.8,Continuous,Glucose,No,No,glucose ,1,None,0,91,40,,20,0.499,1,4.7,0.499,0.499,1,0.211,,11.3,,,,,NoGAC,NoGAC,0,0,0,,,32,,
YZ_44,,YZ,UASB,4.2,,Continuous,Glucose,No,No,glucose ,1,None,0,,30,,20,0.654666667,1.5,2.8,0.982,0.982,1,0.253,,7.55,,,,,NoGAC,NoGAC,0,0,0,,,44.11301,0.5986539,0.4544267
YZ_45,,YZ,UASB,4.2,,Continuous,Glucose,No,No,glucose ,1,None,0,,30,,20,0.654666667,1.5,2.8,0.982,0.982,1,0.049,,13.26,,,,,WithGAC,settled,25,637.5,0.063,,,78.49893,0.8046828,0.93
YZ_46,,YZ,Anaerobic sequencing batch reactors,0.9,,Semi-continuous,Glucose,No,No,glucose,1,None,0,91,15,,20,0.306533333,6.818181818,0.132,2.09,2.09,1,0.546,,13.05,,,,,NoGAC,NoGAC,0,0,0,,,48,,
YZ_47,,YZ,Anaerobic sequencing batch reactors,0.9,,Semi-continuous,Glucose,No,No,glucose ,1,None,0,92,15,,20,0.8558,4.545454545,0.198,3.89,3.89,1,2.02,,13.05,,,,,NoGAC,NoGAC,0,0,0,,,31,,
YZ_48,,YZ,Anaerobic sequencing batch reactors,0.9,,Semi-continuous,Glucose + GAC UASB effluent,No,No,glucose ,0.5,GAC UASB effluent,0.5,93,15,,20,0.293333333,6.818181818,0.132,2,2,1,0.365,,13.61,,,,,NoGAC,NoGAC,0,0,0,,,53,,
YZ_49,,YZ,Anaerobic sequencing batch reactors,0.9,,Semi-continuous,Glucose + GAC UASB effluent,No,No,glucose ,0.5,GAC UASB effluent,0.5,94,15,,20,0.8448,4.545454545,0.198,3.84,3.84,1,1.53,,13.61,,,,,NoGAC,NoGAC,0,0,0,,,47,,
HS_01,HS01_ave,HS,UASB,3.5,4.1,Continuous,Glucose,No,No,Glucose,1,None,0,100,24,,35,0.57,7,0.5,4,4,1,0.15,0.14,10.55,0,0.12,28.33730448,1000,NoGAC,NoGAC,0,0,0,,98,79,0.36,0.32
HS_02,,HS,UASB,3.5,4.1,Continuous,Glucose,No,No,Glucose,1,None,0,100,24,,35,0.57,7,0.5,4,4,1,0.15,0.14,10.55,0,0.12,28.33730448,1000,NoGAC,NoGAC,0,0,0,,98,82,0.36,0.32
HS_03,,HS,UASB,3.5,4.1,Continuous,Glucose,No,No,Glucose,1,None,0,100,24,,35,0.57,7,0.5,4,4,1,0.15,0.14,10.55,0,0.12,28.33730448,1000,NoGAC,NoGAC,0,0,0,,98,80,0.36,0.32
HS_04,,HS,UASB,3.5,4.1,Continuous,Glucose,No,No,Glucose,1,None,0,100,24,,35,0.57,7,0.5,4,4,1,0.15,0.14,10.55,0,0.12,28.33730448,1000,NoGAC,NoGAC,0,0,0,,98,75,0.36,0.32
HS_05,,HS,UASB,3.5,4.1,Continuous,Glucose,No,No,Glucose,1,None,0,100,24,,35,0.57,7,0.5,4,4,1,0.15,0.14,10.55,0,0.12,28.33730448,1000,NoGAC,NoGAC,0,0,0,,98,77,0.36,0.32
HS_06,HS03_ave,HS,UASB,3.5,4.1,Continuous,60% Glucose + 40% BSA,No,No,Glucose,0.6,BSA,0.4,100,24,,35,0.57,7,0.5,4,4,1,0.275,0.252,12.6,0,0.22,71.00115609,1000,NoGAC,NoGAC,0,0,0,,85,69,0.4,0.44
HS_07,,HS,UASB,3.5,4.1,Continuous,60% Glucose + 40% BSA,No,No,Glucose,0.6,BSA,0.4,100,24,,35,0.57,7,0.5,4,4,1,0.275,0.252,12.6,0,0.22,71.00115609,1000,NoGAC,NoGAC,0,0,0,,85,73,0.4,0.44
HS_08,,HS,UASB,3.5,4.1,Continuous,60% Glucose + 40% BSA,No,No,Glucose,0.6,BSA,0.4,100,24,,35,0.57,7,0.5,4,4,1,0.275,0.252,12.6,0,0.22,71.00115609,1000,NoGAC,NoGAC,0,0,0,,85,70,0.4,0.44
HS_09,,HS,UASB,3.5,4.1,Continuous,60% Glucose + 40% BSA,No,No,Glucose,0.6,BSA,0.4,100,24,,35,0.57,7,0.5,4,4,1,0.275,0.252,12.6,0,0.22,71.00115609,1000,NoGAC,NoGAC,0,0,0,,85,65,0.4,0.44
HS_10,,HS,UASB,3.5,4.1,Continuous,60% Glucose + 40% BSA,No,No,Glucose,0.6,BSA,0.4,100,24,,35,0.57,7,0.5,4,4,1,0.275,0.252,12.6,0,0.22,71.00115609,1000,NoGAC,NoGAC,0,0,0,,85,66,0.4,0.44
HS_11,HS05_ave,HS,UASB,2,4.6,Continuous,Dog food,No,No,Dog food,1,None,0,70,42,,35,1.9,8,0.25,14.5,1.958,0.135,0.725,0.29,22.3,1.3,0.23,120.1431543,120,NoGAC,NoGAC,0,0,0,45.5,58,47.9,0.37,1.06
HS_12,,HS,UASB,2,4.6,Continuous,Dog food,No,No,Dog food,1,None,0,70,42,,35,1.9,8,0.25,14.5,1.958,0.135,0.725,0.29,22.3,1.3,0.23,120.1431543,120,NoGAC,NoGAC,0,0,0,45.5,58,40,0.37,1.06
HS_13,,HS,UASB,2,4.6,Continuous,Dog food,No,No,Dog food,1,None,0,70,42,,35,1.9,8,0.25,14.5,1.958,0.135,0.725,0.29,22.3,1.3,0.23,120.1431543,120,NoGAC,NoGAC,0,0,0,45.5,58,39,0.37,1.06
HS_14,,HS,UASB,2,4.6,Continuous,Dog food,No,No,Dog food,1,None,0,70,42,,35,1.9,8,0.25,14.5,1.958,0.135,0.725,0.29,22.3,1.3,0.23,120.1431543,120,NoGAC,NoGAC,0,0,0,45.5,58,55,0.37,1.06
HS_15,,HS,UASB,2,4.6,Continuous,Dog food,No,No,Dog food,1,None,0,70,42,,35,1.9,8,0.25,14.5,1.958,0.135,0.725,0.29,22.3,1.3,0.23,120.1431543,120,NoGAC,NoGAC,0,0,0,45.5,58,48,0.37,1.06
HS_16,HS09_ave,HS,UASB,2,4.6,Continuous with eff recirculation,Dog food,No,No,Dog food,1,None,0,70,42,,35,1.9,8,0.25,14.5,1.958,0.135,1.01,0.42,15.6,1.3,0.4,114.7662422,80,NoGAC,NoGAC,0,0,0,22,35,25.5,0.34,0.83
HS_17,,HS,UASB,2,4.6,Continuous with eff recirculation,Dog food,No,No,Dog food,1,None,0,70,42,,35,1.9,8,0.25,14.5,1.958,0.135,1.01,0.42,15.6,1.3,0.4,114.7662422,80,NoGAC,NoGAC,0,0,0,22,35,28,0.34,0.83
HS_18,,HS,UASB,2,4.6,Continuous with eff recirculation,Dog food,No,No,Dog food,1,None,0,70,42,,35,1.9,8,0.25,14.5,1.958,0.135,1.01,0.42,15.6,1.3,0.4,114.7662422,80,NoGAC,NoGAC,0,0,0,22,35,31,0.34,0.83
HS_19,,HS,UASB,2,4.6,Continuous with eff recirculation,Dog food,No,No,Dog food,1,None,0,70,42,,35,1.9,8,0.25,14.5,1.958,0.135,1.01,0.42,15.6,1.3,0.4,114.7662422,80,NoGAC,NoGAC,0,0,0,22,35,23,0.34,0.83
HS_20,,HS,UASB,2,4.6,Continuous with eff recirculation,Dog food,No,No,Dog food,1,None,0,70,42,,35,1.9,8,0.25,14.5,1.958,0.135,1.01,0.42,15.6,1.3,0.4,114.7662422,80,NoGAC,NoGAC,0,0,0,22,35,20,0.34,0.83
HS_21,HS13_ave,HS,UASB,1,5.8,Continuous,Glucose,No,No,Glucose,1,None,0,100,21,,35,1.1,3.6,0.28,4,4,1,0.183,0.17,6.9,0,0.16,14.16865224,600,NoGAC,NoGAC,0,0,0,,97,70.2,0.5,0.52
HS_22,,HS,UASB,1,5.8,Continuous,Glucose,No,No,Glucose,1,None,0,100,21,,35,1.1,3.6,0.28,4,4,1,0.183,0.17,6.9,0,0.16,14.16865224,600,NoGAC,NoGAC,0,0,0,,97,76,0.5,0.52
HS_23,,HS,UASB,1,5.8,Continuous,Glucose,No,No,Glucose,1,None,0,100,21,,35,1.1,3.6,0.28,4,4,1,0.183,0.17,6.9,0,0.16,14.16865224,600,NoGAC,NoGAC,0,0,0,,97,74,0.5,0.52
HS_24,,HS,UASB,1,5.8,Continuous,Glucose,No,No,Glucose,1,None,0,100,21,,35,1.1,3.6,0.28,4,4,1,0.183,0.17,6.9,0,0.16,14.16865224,600,NoGAC,NoGAC,0,0,0,,97,68,0.5,0.52
HS_25,HS15_ave,HS,UASB,1,5.8,Continuous,75% Glucose + 25% BSA,No,No,Glucose,0.75,BSA,0.25,100,21,,35,1.1,3.6,0.28,4,4,1,0.231,0.21,11.5,0,0.19,35.50057804,600,NoGAC,NoGAC,0,0,0,,88,82.7,0.38,0.28
HS_26,,HS,UASB,1,5.8,Continuous,75% Glucose + 25% BSA,No,No,Glucose,0.75,BSA,0.25,100,21,,35,1.1,3.6,0.28,4,4,1,0.231,0.21,11.5,0,0.19,35.50057804,600,NoGAC,NoGAC,0,0,0,,88,90,0.38,0.28
HS_27,,HS,UASB,1,5.8,Continuous,75% Glucose + 25% BSA,No,No,Glucose,0.75,BSA,0.25,100,21,,35,1.1,3.6,0.28,4,4,1,0.231,0.21,11.5,0,0.19,35.50057804,600,NoGAC,NoGAC,0,0,0,,88,85,0.38,0.28
HS_28,,HS,UASB,1,5.8,Continuous,75% Glucose + 25% BSA,No,No,Glucose,0.75,BSA,0.25,100,21,,35,1.1,3.6,0.28,4,4,1,0.231,0.21,11.5,0,0.19,35.50057804,600,NoGAC,NoGAC,0,0,0,,88,77,0.38,0.28
HS_29,,HS,UASB,1,5.8,Continuous,75% Glucose + 25% BSA,No,No,Glucose,0.75,BSA,0.25,100,21,,35,1.1,3.6,0.28,4,4,1,0.231,0.21,11.5,0,0.19,35.50057804,600,NoGAC,NoGAC,0,0,0,,88,75,0.38,0.28
HS_30,HS17_ave,HS,UASB,1,5.8,Continuous,50% Glucose + 50% BSA,No,No,Glucose,0.5,BSA,0.5,100,21,,35,1.1,3.6,0.28,4,4,1,0.302,0.282,6.5,0,0.26,44.64430095,600,NoGAC,NoGAC,0,0,0,,80,74.4,0.65,0.36
HS_31,,HS,UASB,1,5.8,Continuous,50% Glucose + 50% BSA,No,No,Glucose,0.5,BSA,0.5,100,21,,35,1.1,3.6,0.28,4,4,1,0.302,0.282,6.5,0,0.26,44.64430095,600,NoGAC,NoGAC,0,0,0,,80,79,0.65,0.36
HS_32,,HS,UASB,1,5.8,Continuous,50% Glucose + 50% BSA,No,No,Glucose,0.5,BSA,0.5,100,21,,35,1.1,3.6,0.28,4,4,1,0.302,0.282,6.5,0,0.26,44.64430095,600,NoGAC,NoGAC,0,0,0,,80,80,0.65,0.36
HS_33,,HS,UASB,1,5.8,Continuous,50% Glucose + 50% BSA,No,No,Glucose,0.5,BSA,0.5,100,21,,35,1.1,3.6,0.28,4,4,1,0.302,0.282,6.5,0,0.26,44.64430095,600,NoGAC,NoGAC,0,0,0,,80,71,0.65,0.36
HS_34,,HS,UASB,1,5.8,Continuous,50% Glucose + 50% BSA,No,No,Glucose,0.5,BSA,0.5,100,21,,35,1.1,3.6,0.28,4,4,1,0.302,0.282,6.5,0,0.26,44.64430095,600,NoGAC,NoGAC,0,0,0,,80,68,0.65,0.36
HS_35,HS19_ave,HS,UASB,1,5.8,Continuous,BSA,No,No,BSA,1,None,0,100,21,,35,1.1,3.6,0.28,4,4,1,0.317,0.289,10.6,0,0.26,56.12751455,600,NoGAC,NoGAC,0,0,0,,79,70.3,0.45,0.29
HS_36,,HS,UASB,1,5.8,Continuous,BSA,No,No,BSA,1,None,0,100,21,,35,1.1,3.6,0.28,4,4,1,0.317,0.289,10.6,0,0.26,56.12751455,600,NoGAC,NoGAC,0,0,0,,79,74,0.45,0.29
HS_37,,HS,UASB,1,5.8,Continuous,BSA,No,No,BSA,1,None,0,100,21,,35,1.1,3.6,0.28,4,4,1,0.317,0.289,10.6,0,0.26,56.12751455,600,NoGAC,NoGAC,0,0,0,,79,78,0.45,0.29
HS_38,,HS,UASB,1,5.8,Continuous,BSA,No,No,BSA,1,None,0,100,21,,35,1.1,3.6,0.28,4,4,1,0.317,0.289,10.6,0,0.26,56.12751455,600,NoGAC,NoGAC,0,0,0,,79,65,0.45,0.29
HS_39,,HS,UASB,1,5.8,Continuous,BSA,No,No,BSA,1,None,0,100,21,,35,1.1,3.6,0.28,4,4,1,0.317,0.289,10.6,0,0.26,56.12751455,600,NoGAC,NoGAC,0,0,0,,79,60,0.45,0.29
MG_01,MG01,MG,UASB,4.2,7.263157895,Continuous,Blackwater from conventional toilet,No,No,Blackwater CT,1,None,0,,,,35,0.45,2.2,1.909090909,1.026,0.263,0.256335283,0.167,0.088,7.300849282,0.242,0.032,6.307028302,796.8678907,NoGAC,NoGAC,0,0,0,26.68335518,21.50433673,31.9,0.175,0.365
MG_02,MG02,MG,UASB,4.2,7.263157895,Continuous,Blackwater from conventional toilet,No,No,Blackwater CT,1,None,0,,,,35,0.45,2.2,1.909090909,1.021,0.29,0.28403526,0.141,0.112,7.574505183,0.224,0.024,6.0277313,451.9026821,NoGAC,NoGAC,0,0,0,33.1,28.2,42.1,0.177,0.518
MG_03,MG03,MG,UASB,4.2,7.263157895,Continuous,Blackwater from conventional toilet,No,No,Blackwater CT,1,None,0,,,,35,0.45,2.2,1.909090909,0.98,0.256,0.26122449,0.148,0.103,10.04372134,0.213,0.005,7.024534306,554.135737,NoGAC,NoGAC,0,0,0,32.19889503,23.22294654,34.4,0.197,0.408
MG_04,MG04,MG,UASB,4.7,6.37254902,Continuous,Blackwater from vacuum toilet,No,No,Blackwater VT,1,None,0,,,,35,0.28,36,0.130277778,9.234,2.931,0.317413905,1.14,0.559,8.842596837,1.168,0.0343,148.2,272.8970738,NoGAC,NoGAC,0,0,0,32.95053718,38.93688226,45.1,0.114,0.337
MG_05,MG05,MG,UASB,4.7,6.37254902,Continuous,Blackwater from vacuum toilet,No,No,Blackwater VT,1,None,0,,,,35,0.48,20,0.2345,10.027,3.637,0.362720654,0.993,0.571,12.33661994,2.013,0.0349,99.5,521.7411964,NoGAC,NoGAC,0,0,0,33.02399101,36.74034941,47.53,0.108,0.404
MG_06,MG06,MG,UASB,4.7,6.37254902,Continuous,Blackwater from vacuum toilet,No,No,Blackwater VT,1,None,0,,,,35,0.81,12,0.390833333,9.62,2.822,0.293347193,1.175,0.599,12.42042644,1.517,0.0418,133.3,336.0638644,NoGAC,NoGAC,0,0,0,33.22675164,31.52389717,40.84,0.114,0.481
MG_07,MG07,MG,UASB,4.7,6.37254902,Continuous,Blackwater from vacuum toilet,No,No,Blackwater VT,1,None,0,,,,35,1.64,6,0.781666667,9.957,3.504,0.351913227,1.598,0.82,17.01880394,1.677,0.0631,107.4,112.1860234,NoGAC,NoGAC,0,0,0,31.21996241,31.57927955,40.68,0.1,0.456
MG_08,MG08,MG,UASB,4.7,6.37254902,Continuous,Blackwater from conventional toilet,No,No,Blackwater CT,1,None,0,,,,35,0.18,5.5,0.86,0.99,0.312,0.315151515,0.27,0.102,5.405410856,0.052684998,0.009,2.503800768,347.97,NoGAC,NoGAC,0,0,0,9.528,20.64268,23,0.144,0.181
MG_09,MG09,MG,UASB,4.7,6.37254902,Continuous,Blackwater from conventional toilet,No,No,Blackwater CT,1,None,0,,,,35,0.36,3,1.57,1.076,0.325,0.30204461,0.209,0.099,5.981201675,0.104106683,0.028,1.757987773,172.7042548,NoGAC,NoGAC,0,0,0,18.958,25.5778,29,0.228,0.365
MG_10,MG10,MG,UASB,4.7,6.37254902,Continuous,Blackwater from conventional toilet,No,No,Blackwater CT,1,None,0,,,,35,0.76,1.4,3.31,1.05,0.349,0.332,0.281,0.117,7.508538445,0.158689337,0.035,1.73,226.9,NoGAC,NoGAC,0,0,0,10.4,22.87364,26,0.201,0.411
MG_11,MG11,MG,UASB,4.7,6.37254902,Continuous,Blackwater from conventional toilet,No,No,Blackwater CT,1,None,0,,,,35,1,1.043,4.27,1.02,0.342,0.335,0.286,0.135,12.1606314,0.093763421,0.027,1.42,135.6,NoGAC,NoGAC,0,0,0,13.2,25.76143,30,0.136,0.499
MG_12,MG12,MG,UASB,3.3,4.1,Continuous,Blackwater + food waste,No,Yes,Blackwater VT,0.769230769,Food waste,0.230769231,,,,35,5.1,2.6,1.269230769,14.2,5.1,0.35915493,2.3,1.1,15.17264851,1.909,0.39,83.9,49.6,NoGAC,NoGAC,0,0,0,48.6,56.61261886,59.5,0.146,1.078
MG_13,MG13,MG,UASB,3.3,4.1,Continuous,Blackwater + food waste,No,Yes,Blackwater VT,0.625,Food waste,0.375,,,,35,7,2.6,1.269230769,20,7.5,0.375,3.2,1.7,18.07867162,2.025,1.15,56.2,47.9,NoGAC,NoGAC,0,0,0,46.6,60.63244888,58.8,0.135,1.119
MG_14,MG14,MG,UASB,3.3,4.1,Continuous,Blackwater + food waste,No,Yes,Blackwater VT,0.5,Food waste,0.5,,,,35,10,2.6,1.269230769,25.4,9.5,0.374,4.2,2.1,18.64129538,2.303,1.67,46.5,50.5,NoGAC,NoGAC,0,0,0,53.4,65.94667903,61.9,0.184,1.198
MG_15,MG15,MG,UASB,3.3,4.1,Continuous,Blackwater + food waste,No,Yes,Blackwater VT,0.4,Food waste,0.6,,,,35,11.6,2.6,1.269230769,30.5,11.6,0.38,5.3,2.9,24.99400578,2.06,2.25,53.2,39.5,NoGAC,NoGAC,0,0,0,29.6,48.15748404,44.4,0.15,0.971
JW_01,JW01,JW,Anaerobic sequencing batch reactors,0.75,2.227722772,Semi-continuous,Blackwater,No,No,Blackwater CT,1,None,0,,,0,20,0.2,5,0.15,1,0.433836,0.433836,,0.3470688,1.5,,0.2723949,,,NoGAC,NoGAC,0,0,0,27.86723,,18.49971,,
JW_02,,JW,Anaerobic sequencing batch reactors,0.75,2.227722772,Semi-continuous,Blackwater,No,No,Blackwater CT,1,None,0,,,0,20,0.2,5,0.15,1,0.433836,0.433836,,0.3470688,1.5,,0.2723949,,,NoGAC,NoGAC,0,0,0,15.80362,,19.15673,,
JW_03,,JW,Anaerobic sequencing batch reactors,0.75,2.227722772,Semi-continuous,Blackwater,No,No,Blackwater CT,1,None,0,,,0,20,0.2,5,0.15,1,0.433836,0.433836,,0.3470688,1.5,,0.2723949,,,NoGAC,NoGAC,0,0,0,31.74182,,21.99679,,
JW_04,JW02,JW,Anaerobic sequencing batch reactors,0.75,2.227722772,Semi-continuous,Blackwater,No,No,Blackwater CT,1,None,0,,,5,20,0.2,5,0.15,1,0.4675788,0.4675788,,0.4386564,1.5,,0.3145149,,,NoGAC,NoGAC,0,0,0,50.4883,,20.47106,,
JW_05,,JW,Anaerobic sequencing batch reactors,0.75,2.227722772,Semi-continuous,Blackwater,No,No,Blackwater CT,1,None,0,,,5,20,0.2,5,0.15,1,0.4675788,0.4675788,,0.4386564,1.5,,0.3145149,,,NoGAC,NoGAC,0,0,0,39.23668,,19.03644,,
JW_06,,JW,Anaerobic sequencing batch reactors,0.75,2.227722772,Semi-continuous,Blackwater,No,No,Blackwater CT,1,None,0,,,5,20,0.2,5,0.15,1,0.4675788,0.4675788,,0.4386564,1.5,,0.3145149,,,NoGAC,NoGAC,0,0,0,41.28935,,22.85013,,
JW_07,JW03,JW,Anaerobic sequencing batch reactors,0.75,2.227722772,Semi-continuous,Blackwater,No,No,Blackwater CT,1,None,0,,,10,20,0.2,5,0.15,1,0.4386564,0.4386564,,0.4000932,1.5,,0.2985798,,,NoGAC,NoGAC,0,0,0,38.82567,,16.09104,,
JW_08,,JW,Anaerobic sequencing batch reactors,0.75,2.227722772,Semi-continuous,Blackwater,No,No,Blackwater CT,1,None,0,,,10,20,0.2,5,0.15,1,0.4386564,0.4386564,,0.4000932,1.5,,0.2985798,,,NoGAC,NoGAC,0,0,0,22.0921,,15.31414,,
JW_09,,JW,Anaerobic sequencing batch reactors,0.75,2.227722772,Semi-continuous,Blackwater,No,No,Blackwater CT,1,None,0,,,10,20,0.2,5,0.15,1,0.4386564,0.4386564,,0.4000932,1.5,,0.2985798,,,NoGAC,NoGAC,0,0,0,24.78757,,17.3505,,
JW_10,JW04,JW,Anaerobic sequencing batch reactors,0.75,2.227722772,Semi-continuous,Blackwater,No,No,Blackwater CT,1,None,0,,,50,20,0.2,5,0.15,1,0.4723992,0.4723992,,0.4965012,1.5,,0.4274954,,,NoGAC,NoGAC,0,0,0,29.79085,,1.00897,,
JW_11,,JW,Anaerobic sequencing batch reactors,0.75,2.227722772,Semi-continuous,Blackwater,No,No,Blackwater CT,1,None,0,,,50,20,0.2,5,0.15,1,0.4723992,0.4723992,,0.4965012,1.5,,0.4274954,,,NoGAC,NoGAC,0,0,0,20.7816,,0.89116,,
JW_12,,JW,Anaerobic sequencing batch reactors,0.75,2.227722772,Semi-continuous,Blackwater,No,No,Blackwater CT,1,None,0,,,50,20,0.2,5,0.15,1,0.4723992,0.4723992,,0.4965012,1.5,,0.4274954,,,NoGAC,NoGAC,0,0,0,12.45477,,1.21701,,
JW_13,JW05,JW,Anaerobic sequencing batch reactors,0.75,2.227722772,Semi-continuous,Blackwater,No,No,Blackwater CT,1,None,0,,,150,20,0.2,5,0.15,1,0.4482972,0.4482972,,0.385632,1.5,,0.3376688,,,NoGAC,NoGAC,0,0,0,7.62087,,4.08958,,
JW_14,,JW,Anaerobic sequencing batch reactors,0.75,2.227722772,Semi-continuous,Blackwater,No,No,Blackwater CT,1,None,0,,,150,20,0.2,5,0.15,1,0.4482972,0.4482972,,0.385632,1.5,,0.3376688,,,NoGAC,NoGAC,0,0,0,19.98741,,5.10156,,
JW_15,,JW,Anaerobic sequencing batch reactors,0.75,2.227722772,Semi-continuous,Blackwater,No,No,Blackwater CT,1,None,0,,,150,20,0.2,5,0.15,1,0.4482972,0.4482972,,0.385632,1.5,,0.3376688,,,NoGAC,NoGAC,0,0,0,7.77912,,5.19741,,
JW_16,JW06,JW,Anaerobic sequencing batch reactors,0.75,2.227722772,Semi-continuous,Blackwater,No,No,Blackwater CT,1,None,0,,,0,20,0.25,4,0.1875,1,0.2524092,0.2524092,,0.2276632,1.5,,0.1352612,,,NoGAC,NoGAC,0,0,0,36.96135,,28.76309,,
JW_17,,JW,Anaerobic sequencing batch reactors,0.75,2.227722772,Semi-continuous,Blackwater,No,No,Blackwater CT,1,None,0,,,0,20,0.25,4,0.1875,1,0.2524092,0.2524092,,0.2276632,1.5,,0.1352612,,,NoGAC,NoGAC,0,0,0,34.06024,,23.74611,,
JW_18,,JW,Anaerobic sequencing batch reactors,0.75,2.227722772,Semi-continuous,Blackwater,No,No,Blackwater CT,1,None,0,,,0,20,0.25,4,0.1875,1,0.2524092,0.2524092,,0.2276632,1.5,,0.1352612,,,NoGAC,NoGAC,0,0,0,34.27254,,29.39425,,
JW_19,JW07,JW,Anaerobic sequencing batch reactors,0.75,2.227722772,Semi-continuous,Blackwater,No,No,Blackwater CT,1,None,0,,,5,20,0.25,4,0.1875,1,0.2573584,0.2573584,,0.2623076,1.5,,0.1625816,,,NoGAC,NoGAC,0,0,0,52.09618,,34.71808,,
JW_20,,JW,Anaerobic sequencing batch reactors,0.75,2.227722772,Semi-continuous,Blackwater,No,No,Blackwater CT,1,None,0,,,5,20,0.25,4,0.1875,1,0.2573584,0.2573584,,0.2623076,1.5,,0.1625816,,,NoGAC,NoGAC,0,0,0,42.65852,,23.85145,,
JW_21,,JW,Anaerobic sequencing batch reactors,0.75,2.227722772,Semi-continuous,Blackwater,No,No,Blackwater CT,1,None,0,,,5,20,0.25,4,0.1875,1,0.2573584,0.2573584,,0.2623076,1.5,,0.1625816,,,NoGAC,NoGAC,0,0,0,52.58317,,29.66763,,
JW_22,JW08,JW,Anaerobic sequencing batch reactors,0.75,2.227722772,Semi-continuous,Blackwater,No,No,Blackwater CT,1,None,0,,,10,20,0.25,4,0.1875,1,0.2623076,0.2623076,,0.2920028,1.5,,0.2107892,,,NoGAC,NoGAC,0,0,0,43.45941,,25.22455,,
JW_23,,JW,Anaerobic sequencing batch reactors,0.75,2.227722772,Semi-continuous,Blackwater,No,No,Blackwater CT,1,None,0,,,10,20,0.25,4,0.1875,1,0.2623076,0.2623076,,0.2920028,1.5,,0.2107892,,,NoGAC,NoGAC,0,0,0,26.41361,,17.59065,,
JW_24,,JW,Anaerobic sequencing batch reactors,0.75,2.227722772,Semi-continuous,Blackwater,No,No,Blackwater CT,1,None,0,,,10,20,0.25,4,0.1875,1,0.2623076,0.2623076,,0.2920028,1.5,,0.2107892,,,NoGAC,NoGAC,0,0,0,34.89328,,22.2052,,
JW_25,JW09,JW,Anaerobic sequencing batch reactors,0.75,2.227722772,Semi-continuous,Blackwater,No,No,Blackwater CT,1,None,0,,,50,20,0.25,4,0.1875,1,0.3266472,0.3266472,,0.4553264,1.5,,0.3815291,,,NoGAC,NoGAC,0,0,0,35.55256,,5.37408,,
JW_26,,JW,Anaerobic sequencing batch reactors,0.75,2.227722772,Semi-continuous,Blackwater,No,No,Blackwater CT,1,None,0,,,50,20,0.25,4,0.1875,1,0.3266472,0.3266472,,0.4553264,1.5,,0.3815291,,,NoGAC,NoGAC,0,0,0,13.29399,,2.12543,,
JW_27,,JW,Anaerobic sequencing batch reactors,0.75,2.227722772,Semi-continuous,Blackwater,No,No,Blackwater CT,1,None,0,,,50,20,0.25,4,0.1875,1,0.3266472,0.3266472,,0.4553264,1.5,,0.3815291,,,NoGAC,NoGAC,0,0,0,39.76055,,4.2037,,
JW_28,JW10,JW,Anaerobic sequencing batch reactors,0.75,2.227722772,Semi-continuous,Blackwater,No,No,Blackwater CT,1,None,0,,,150,20,0.25,4,0.1875,1,0.2920028,0.2920028,,0.3266472,1.5,,0.2685533,,,NoGAC,NoGAC,0,0,0,23.56535,,10.96682,,
JW_29,,JW,Anaerobic sequencing batch reactors,0.75,2.227722772,Semi-continuous,Blackwater,No,No,Blackwater CT,1,None,0,,,150,20,0.25,4,0.1875,1,0.2920028,0.2920028,,0.3266472,1.5,,0.2685533,,,NoGAC,NoGAC,0,0,0,27.37865,,6.16421,,
JW_30,,JW,Anaerobic sequencing batch reactors,0.75,2.227722772,Semi-continuous,Blackwater,No,No,Blackwater CT,1,None,0,,,150,20,0.25,4,0.1875,1,0.2920028,0.2920028,,0.3266472,1.5,,0.2685533,,,NoGAC,NoGAC,0,0,0,31.31435,,7.59368,,
JW_31,JW11,JW,Anaerobic sequencing batch reactors,0.75,2.227722772,Semi-continuous,Blackwater,No,No,Blackwater CT,1,None,0,,,0,20,0.333333333,3,0.25,1,0.2573584,0.2573584,,0.1583744,1.5,,0.1151561,,,NoGAC,NoGAC,0,0,0,34.48809,,39.60854,,
JW_32,,JW,Anaerobic sequencing batch reactors,0.75,2.227722772,Semi-continuous,Blackwater,No,No,Blackwater CT,1,None,0,,,0,20,0.333333333,3,0.25,1,0.2573584,0.2573584,,0.1583744,1.5,,0.1151561,,,NoGAC,NoGAC,0,0,0,34,,34.75484,,
JW_33,,JW,Anaerobic sequencing batch reactors,0.75,2.227722772,Semi-continuous,Blackwater,No,No,Blackwater CT,1,None,0,,,0,20,0.333333333,3,0.25,1,0.2573584,0.2573584,,0.1583744,1.5,,0.1151561,,,NoGAC,NoGAC,0,0,0,33.54052,,35.24161,,
JW_34,,JW,Anaerobic sequencing batch reactors,0.75,2.227722772,Semi-continuous,Blackwater,No,No,Blackwater CT,1,None,0,,,0,20,0.333333333,3,0.25,1,0.2573584,0.2573584,,0.1583744,1.5,,0.1151561,,,NoGAC,NoGAC,0,0,0,36.45561,,36.96156,,
JW_35,,JW,Anaerobic sequencing batch reactors,0.75,2.227722772,Semi-continuous,Blackwater,No,No,Blackwater CT,1,None,0,,,0,20,0.333333333,3,0.25,1,0.2573584,0.2573584,,0.1583744,1.5,,0.1151561,,,NoGAC,NoGAC,0,0,0,30,,39.25713,,
JW_36,JW12,JW,Anaerobic sequencing batch reactors,0.75,2.227722772,Semi-continuous,Blackwater,No,No,Blackwater CT,1,None,0,,,5,20,0.333333333,3,0.25,1,0.272206,0.272206,,0.1930188,1.5,,0.1306313,,,NoGAC,NoGAC,0,0,0,48.17414,,48.91204,,
JW_37,,JW,Anaerobic sequencing batch reactors,0.75,2.227722772,Semi-continuous,Blackwater,No,No,Blackwater CT,1,None,0,,,5,20,0.333333333,3,0.25,1,0.272206,0.272206,,0.1930188,1.5,,0.1306313,,,NoGAC,NoGAC,0,0,0,50.26298,,34.99575,,
JW_38,,JW,Anaerobic sequencing batch reactors,0.75,2.227722772,Semi-continuous,Blackwater,No,No,Blackwater CT,1,None,0,,,5,20,0.333333333,3,0.25,1,0.272206,0.272206,,0.1930188,1.5,,0.1306313,,,NoGAC,NoGAC,0,0,0,51.09922,,37.09058,,
JW_39,,JW,Anaerobic sequencing batch reactors,0.75,2.227722772,Semi-continuous,Blackwater,No,No,Blackwater CT,1,None,0,,,5,20,0.333333333,3,0.25,1,0.272206,0.272206,,0.1930188,1.5,,0.1306313,,,NoGAC,NoGAC,0,0,0,49.65,,39.2534,,
JW_40,,JW,Anaerobic sequencing batch reactors,0.75,2.227722772,Semi-continuous,Blackwater,No,No,Blackwater CT,1,None,0,,,5,20,0.333333333,3,0.25,1,0.272206,0.272206,,0.1930188,1.5,,0.1306313,,,NoGAC,NoGAC,0,0,0,51.7899,,41.39202,,
JW_41,JW13,JW,Anaerobic sequencing batch reactors,0.75,2.227722772,Semi-continuous,Blackwater,No,No,Blackwater CT,1,None,0,,,10,20,0.333333333,3,0.25,1,0.296952,0.296952,,0.222714,1.5,,0.1425035,,,NoGAC,NoGAC,0,0,0,41.46545,,40.2093,,
JW_42,,JW,Anaerobic sequencing batch reactors,0.75,2.227722772,Semi-continuous,Blackwater,No,No,Blackwater CT,1,None,0,,,10,20,0.333333333,3,0.25,1,0.296952,0.296952,,0.222714,1.5,,0.1425035,,,NoGAC,NoGAC,0,0,0,47.51313,,28.29948,,
JW_43,,JW,Anaerobic sequencing batch reactors,0.75,2.227722772,Semi-continuous,Blackwater,No,No,Blackwater CT,1,None,0,,,10,20,0.333333333,3,0.25,1,0.296952,0.296952,,0.222714,1.5,,0.1425035,,,NoGAC,NoGAC,0,0,0,42.08369,,30.04758,,
JW_44,,JW,Anaerobic sequencing batch reactors,0.75,2.227722772,Semi-continuous,Blackwater,No,No,Blackwater CT,1,None,0,,,10,20,0.333333333,3,0.25,1,0.296952,0.296952,,0.222714,1.5,,0.1425035,,,NoGAC,NoGAC,0,0,0,43.58369,,32.16705,,
JW_45,,JW,Anaerobic sequencing batch reactors,0.75,2.227722772,Semi-continuous,Blackwater,No,No,Blackwater CT,1,None,0,,,10,20,0.333333333,3,0.25,1,0.296952,0.296952,,0.222714,1.5,,0.1425035,,,NoGAC,NoGAC,0,0,0,48.56843,,37.67509,,
JW_46,JW14,JW,Anaerobic sequencing batch reactors,0.75,2.227722772,Semi-continuous,Blackwater,No,No,Blackwater CT,1,None,0,,,50,20,0.333333333,3,0.25,1,0.3662408,0.3662408,,0.4305804,1.5,,0.4083371,,,NoGAC,NoGAC,0,0,0,29.7253,,9.36147,,
JW_47,,JW,Anaerobic sequencing batch reactors,0.75,2.227722772,Semi-continuous,Blackwater,No,No,Blackwater CT,1,None,0,,,50,20,0.333333333,3,0.25,1,0.3662408,0.3662408,,0.4305804,1.5,,0.4083371,,,NoGAC,NoGAC,0,0,0,44.02285,,6.5498,,
JW_48,,JW,Anaerobic sequencing batch reactors,0.75,2.227722772,Semi-continuous,Blackwater,No,No,Blackwater CT,1,None,0,,,50,20,0.333333333,3,0.25,1,0.3662408,0.3662408,,0.4305804,1.5,,0.4083371,,,NoGAC,NoGAC,0,0,0,39.01636,,7.52866,,
JW_49,,JW,Anaerobic sequencing batch reactors,0.75,2.227722772,Semi-continuous,Blackwater,No,No,Blackwater CT,1,None,0,,,50,20,0.333333333,3,0.25,1,0.3662408,0.3662408,,0.4305804,1.5,,0.4083371,,,NoGAC,NoGAC,0,0,0,47.35,,8.00936,,
JW_50,,JW,Anaerobic sequencing batch reactors,0.75,2.227722772,Semi-continuous,Blackwater,No,No,Blackwater CT,1,None,0,,,50,20,0.333333333,3,0.25,1,0.3662408,0.3662408,,0.4305804,1.5,,0.4083371,,,NoGAC,NoGAC,0,0,0,42,,8.24718,,
JW_51,JW15,JW,Anaerobic sequencing batch reactors,0.75,2.227722772,Semi-continuous,Blackwater,No,No,Blackwater CT,1,None,0,,,150,20,0.333333333,3,0.25,1,0.3167488,0.3167488,,0.3315964,1.5,,0.2762462,,,NoGAC,NoGAC,0,0,0,27.3106,,15.92972,,
JW_52,,JW,Anaerobic sequencing batch reactors,0.75,2.227722772,Semi-continuous,Blackwater,No,No,Blackwater CT,1,None,0,,,150,20,0.333333333,3,0.25,1,0.3167488,0.3167488,,0.3315964,1.5,,0.2762462,,,NoGAC,NoGAC,0,0,0,32.63902,,11.48019,,
JW_53,,JW,Anaerobic sequencing batch reactors,0.75,2.227722772,Semi-continuous,Blackwater,No,No,Blackwater CT,1,None,0,,,150,20,0.333333333,3,0.25,1,0.3167488,0.3167488,,0.3315964,1.5,,0.2762462,,,NoGAC,NoGAC,0,0,0,31.30644,,11.81178,,
JW_54,,JW,Anaerobic sequencing batch reactors,0.75,2.227722772,Semi-continuous,Blackwater,No,No,Blackwater CT,1,None,0,,,150,20,0.333333333,3,0.25,1,0.3167488,0.3167488,,0.3315964,1.5,,0.2762462,,,NoGAC,NoGAC,0,0,0,35.43796,,12.41113,,
JW_55,,JW,Anaerobic sequencing batch reactors,0.75,2.227722772,Semi-continuous,Blackwater,No,No,Blackwater CT,1,None,0,,,150,20,0.333333333,3,0.25,1,0.3167488,0.3167488,,0.3315964,1.5,,0.2762462,,,NoGAC,NoGAC,0,0,0,23.12496,,12.84796,,
JW_56,JW16,JW,Anaerobic sequencing batch reactors,0.75,2.227722772,Semi-continuous,Blackwater,No,No,Blackwater CT,1,None,0,,,0,20,0.5,2,0.375,1,0.2573584,0.2573584,,0.197968,1.5,,0.076,,,NoGAC,NoGAC,0,0,0,35.03869,,39.90087,,
JW_57,,JW,Anaerobic sequencing batch reactors,0.75,2.227722772,Semi-continuous,Blackwater,No,No,Blackwater CT,1,None,0,,,0,20,0.5,2,0.375,1,0.2573584,0.2573584,,0.197968,1.5,,0.076,,,NoGAC,NoGAC,0,0,0,30,,39.91636,,
JW_58,,JW,Anaerobic sequencing batch reactors,0.75,2.227722772,Semi-continuous,Blackwater,No,No,Blackwater CT,1,None,0,,,0,20,0.5,2,0.375,1,0.2573584,0.2573584,,0.197968,1.5,,0.076,,,NoGAC,NoGAC,0,0,0,34.48809,,40.00818,,
JW_59,,JW,Anaerobic sequencing batch reactors,0.75,2.227722772,Semi-continuous,Blackwater,No,No,Blackwater CT,1,None,0,,,0,20,0.5,2,0.375,1,0.2573584,0.2573584,,0.197968,1.5,,0.076,,,NoGAC,NoGAC,0,0,0,34,,39.85159,,
JW_60,,JW,Anaerobic sequencing batch reactors,0.75,2.227722772,Semi-continuous,Blackwater,No,No,Blackwater CT,1,None,0,,,0,20,0.5,2,0.375,1,0.2573584,0.2573584,,0.197968,1.5,,0.076,,,NoGAC,NoGAC,0,0,0,29,,40.24956,,
JW_61,,JW,Anaerobic sequencing batch reactors,0.75,2.227722772,Semi-continuous,Blackwater,No,No,Blackwater CT,1,None,0,,,0,20,0.5,2,0.375,1,0.2573584,0.2573584,,0.197968,1.5,,0.076,,,NoGAC,NoGAC,0,0,0,35,,39.77937,,
JW_62,,JW,Anaerobic sequencing batch reactors,0.75,2.227722772,Semi-continuous,Blackwater,No,No,Blackwater CT,1,None,0,,,0,20,0.5,2,0.375,1,0.2573584,0.2573584,,0.197968,1.5,,0.076,,,NoGAC,NoGAC,0,0,0,29.66448,,39.34376,,
JW_63,JW17,JW,Anaerobic sequencing batch reactors,0.75,2.227722772,Semi-continuous,Blackwater,No,No,Blackwater CT,1,None,0,,,5,20,0.5,2,0.375,1,0.2524092,0.2524092,,0.2078664,1.5,,0.08,,,NoGAC,NoGAC,0,0,0,42.14909,,50.54865,,
JW_64,,JW,Anaerobic sequencing batch reactors,0.75,2.227722772,Semi-continuous,Blackwater,No,No,Blackwater CT,1,None,0,,,5,20,0.5,2,0.375,1,0.2524092,0.2524092,,0.2078664,1.5,,0.08,,,NoGAC,NoGAC,0,0,0,53,,45.0988,,
JW_65,,JW,Anaerobic sequencing batch reactors,0.75,2.227722772,Semi-continuous,Blackwater,No,No,Blackwater CT,1,None,0,,,5,20,0.5,2,0.375,1,0.2524092,0.2524092,,0.2078664,1.5,,0.08,,,NoGAC,NoGAC,0,0,0,53.17414,,46.71351,,
JW_66,,JW,Anaerobic sequencing batch reactors,0.75,2.227722772,Semi-continuous,Blackwater,No,No,Blackwater CT,1,None,0,,,5,20,0.5,2,0.375,1,0.2524092,0.2524092,,0.2078664,1.5,,0.08,,,NoGAC,NoGAC,0,0,0,48,,47.72568,,
JW_67,,JW,Anaerobic sequencing batch reactors,0.75,2.227722772,Semi-continuous,Blackwater,No,No,Blackwater CT,1,None,0,,,5,20,0.5,2,0.375,1,0.2524092,0.2524092,,0.2078664,1.5,,0.08,,,NoGAC,NoGAC,0,0,0,50,,50.10132,,
JW_68,,JW,Anaerobic sequencing batch reactors,0.75,2.227722772,Semi-continuous,Blackwater,No,No,Blackwater CT,1,None,0,,,5,20,0.5,2,0.375,1,0.2524092,0.2524092,,0.2078664,1.5,,0.08,,,NoGAC,NoGAC,0,0,0,42.46582,,51,,
JW_69,,JW,Anaerobic sequencing batch reactors,0.75,2.227722772,Semi-continuous,Blackwater,No,No,Blackwater CT,1,None,0,,,5,20,0.5,2,0.375,1,0.2524092,0.2524092,,0.2078664,1.5,,0.08,,,NoGAC,NoGAC,0,0,0,49,,50.9495,,
JW_70,JW18,JW,Anaerobic sequencing batch reactors,0.75,2.227722772,Semi-continuous,Blackwater,No,No,Blackwater CT,1,None,0,,,10,20,0.5,2,0.375,1,0.2821044,0.2821044,,0.2029172,1.5,,0.078,,,NoGAC,NoGAC,0,0,0,31.99326,,46.06871,,
JW_71,,JW,Anaerobic sequencing batch reactors,0.75,2.227722772,Semi-continuous,Blackwater,No,No,Blackwater CT,1,None,0,,,10,20,0.5,2,0.375,1,0.2821044,0.2821044,,0.2029172,1.5,,0.078,,,NoGAC,NoGAC,0,0,0,48.56843,,40.52563,,
JW_72,,JW,Anaerobic sequencing batch reactors,0.75,2.227722772,Semi-continuous,Blackwater,No,No,Blackwater CT,1,None,0,,,10,20,0.5,2,0.375,1,0.2821044,0.2821044,,0.2029172,1.5,,0.078,,,NoGAC,NoGAC,0,0,0,41.46545,,43.15655,,
JW_73,,JW,Anaerobic sequencing batch reactors,0.75,2.227722772,Semi-continuous,Blackwater,No,No,Blackwater CT,1,None,0,,,10,20,0.5,2,0.375,1,0.2821044,0.2821044,,0.2029172,1.5,,0.078,,,NoGAC,NoGAC,0,0,0,35,,44.07246,,
JW_74,,JW,Anaerobic sequencing batch reactors,0.75,2.227722772,Semi-continuous,Blackwater,No,No,Blackwater CT,1,None,0,,,10,20,0.5,2,0.375,1,0.2821044,0.2821044,,0.2029172,1.5,,0.078,,,NoGAC,NoGAC,0,0,0,37.50993,,46.14278,,
JW_75,,JW,Anaerobic sequencing batch reactors,0.75,2.227722772,Semi-continuous,Blackwater,No,No,Blackwater CT,1,None,0,,,10,20,0.5,2,0.375,1,0.2821044,0.2821044,,0.2029172,1.5,,0.078,,,NoGAC,NoGAC,0,0,0,37.189,,47,,
JW_76,,JW,Anaerobic sequencing batch reactors,0.75,2.227722772,Semi-continuous,Blackwater,No,No,Blackwater CT,1,None,0,,,10,20,0.5,2,0.375,1,0.2821044,0.2821044,,0.2029172,1.5,,0.078,,,NoGAC,NoGAC,0,0,0,34.72136,,46.71015,,
JW_77,JW19,JW,Anaerobic sequencing batch reactors,0.75,2.227722772,Semi-continuous,Blackwater,No,No,Blackwater CT,1,None,0,,,50,20,0.5,2,0.375,1,0.3019012,0.3019012,,0.4602756,1.5,,0.32,,,NoGAC,NoGAC,0,0,0,34.07046,,19.29312,,
JW_78,,JW,Anaerobic sequencing batch reactors,0.75,2.227722772,Semi-continuous,Blackwater,No,No,Blackwater CT,1,None,0,,,50,20,0.5,2,0.375,1,0.3019012,0.3019012,,0.4602756,1.5,,0.32,,,NoGAC,NoGAC,0,0,0,38.1057,,12.98983,,
JW_79,,JW,Anaerobic sequencing batch reactors,0.75,2.227722772,Semi-continuous,Blackwater,No,No,Blackwater CT,1,None,0,,,50,20,0.5,2,0.375,1,0.3019012,0.3019012,,0.4602756,1.5,,0.32,,,NoGAC,NoGAC,0,0,0,40,,13.7388,,
JW_80,,JW,Anaerobic sequencing batch reactors,0.75,2.227722772,Semi-continuous,Blackwater,No,No,Blackwater CT,1,None,0,,,50,20,0.5,2,0.375,1,0.3019012,0.3019012,,0.4602756,1.5,,0.32,,,NoGAC,NoGAC,0,0,0,31,,14.4069,,
JW_81,,JW,Anaerobic sequencing batch reactors,0.75,2.227722772,Semi-continuous,Blackwater,No,No,Blackwater CT,1,None,0,,,50,20,0.5,2,0.375,1,0.3019012,0.3019012,,0.4602756,1.5,,0.32,,,NoGAC,NoGAC,0,0,0,39,,16.57553,,
JW_82,,JW,Anaerobic sequencing batch reactors,0.75,2.227722772,Semi-continuous,Blackwater,No,No,Blackwater CT,1,None,0,,,50,20,0.5,2,0.375,1,0.3019012,0.3019012,,0.4602756,1.5,,0.32,,,NoGAC,NoGAC,0,0,0,35.99745,,18,,
JW_83,,JW,Anaerobic sequencing batch reactors,0.75,2.227722772,Semi-continuous,Blackwater,No,No,Blackwater CT,1,None,0,,,50,20,0.5,2,0.375,1,0.3019012,0.3019012,,0.4602756,1.5,,0.32,,,NoGAC,NoGAC,0,0,0,40.979,,19.08469,,
JW_84,JW20,JW,Anaerobic sequencing batch reactors,0.75,2.227722772,Semi-continuous,Blackwater,No,No,Blackwater CT,1,None,0,,,150,20,0.5,2,0.375,1,0.2920028,0.2920028,,0.321698,1.5,,0.2,,,NoGAC,NoGAC,0,0,0,17,,24.6,,
JW_85,,JW,Anaerobic sequencing batch reactors,0.75,2.227722772,Semi-continuous,Blackwater,No,No,Blackwater CT,1,None,0,,,150,20,0.5,2,0.375,1,0.2920028,0.2920028,,0.321698,1.5,,0.2,,,NoGAC,NoGAC,0,0,0,23.12496,,17.70155,,
JW_86,,JW,Anaerobic sequencing batch reactors,0.75,2.227722772,Semi-continuous,Blackwater,No,No,Blackwater CT,1,None,0,,,150,20,0.5,2,0.375,1,0.2920028,0.2920028,,0.321698,1.5,,0.2,,,NoGAC,NoGAC,0,0,0,27.3106,,18.61989,,
JW_87,,JW,Anaerobic sequencing batch reactors,0.75,2.227722772,Semi-continuous,Blackwater,No,No,Blackwater CT,1,None,0,,,150,20,0.5,2,0.375,1,0.2920028,0.2920028,,0.321698,1.5,,0.2,,,NoGAC,NoGAC,0,0,0,20,,19,,
JW_88,,JW,Anaerobic sequencing batch reactors,0.75,2.227722772,Semi-continuous,Blackwater,No,No,Blackwater CT,1,None,0,,,150,20,0.5,2,0.375,1,0.2920028,0.2920028,,0.321698,1.5,,0.2,,,NoGAC,NoGAC,0,0,0,21,,21,,
JW_89,,JW,Anaerobic sequencing batch reactors,0.75,2.227722772,Semi-continuous,Blackwater,No,No,Blackwater CT,1,None,0,,,150,20,0.5,2,0.375,1,0.2920028,0.2920028,,0.321698,1.5,,0.2,,,NoGAC,NoGAC,0,0,0,18.246,,23,,
JW_90,,JW,Anaerobic sequencing batch reactors,0.75,2.227722772,Semi-continuous,Blackwater,No,No,Blackwater CT,1,None,0,,,150,20,0.5,2,0.375,1,0.2920028,0.2920028,,0.321698,1.5,,0.2,,,NoGAC,NoGAC,0,0,0,18.73097,,24,,
JW_91,,JW,UASB,2,3,Continuous,Glucose,No,No,glucose,1,None,0,100,,0,20,0.5,6,0.333333333,3,3,1,1.5,1.5,,,,,,NoGAC,NoGAC,0,0,0,,,1.685,,
JW_92,,JW,UASB,2,3,Continuous,Glucose,No,No,glucose,1,None,0,100,,0,20,0.5,6,0.333333333,3,3,1,1.4665128,1.4665128,,,,,,NoGAC,NoGAC,0,0,0,,,1.3,,
JW_93,,JW,UASB,2,3,Continuous,Glucose,No,No,glucose,1,None,0,100,,0,20,0.5,6,0.333333333,3,3,1,1.6354839,1.6354839,,,,,,NoGAC,NoGAC,0,0,0,,,1.579,,
JW_94,,JW,UASB,2,3,Continuous,Glucose,No,No,glucose,1,None,0,100,,0,20,0.5,6,0.333333333,3,3,1,1.3087248,1.3087248,,,,,,NoGAC,NoGAC,0,0,0,,,2.2,,
JW_95,,JW,UASB,2,3,Continuous,Glucose,No,No,glucose,1,None,0,100,,0,20,0.5,6,0.333333333,3,3,1,0.2157534,0.2157534,,,,,,WithGAC,settled,25,1000,0.03,,,3.886,,
JW_96,,JW,UASB,2,3,Continuous,Glucose,No,No,glucose,1,None,0,100,,0,20,0.5,6,0.333333333,3,3,1,0.3523491,0.3523491,,,,,,WithGAC,settled,25,1000,0.03,,,14,,
JW_97,,JW,UASB,2,3,Continuous,Glucose,No,No,glucose,1,None,0,100,,0,20,0.5,6,0.333333333,3,3,1,0.3617397,0.3617397,,,,,,WithGAC,settled,25,1000,0.03,,,28.957,,
JW_98,,JW,UASB,2,3,Continuous,Glucose,No,No,glucose,1,None,0,100,,0,20,0.5,6,0.333333333,3,3,1,0.251613,0.251613,,,,,,WithGAC,settled,25,1000,0.03,,,39.568,,
JW_99,,JW,UASB,2,3,Continuous,Glucose,No,No,glucose,1,None,0,100,,0,20,0.5,6,0.333333333,3,3,1,0.1849314,0.1849314,,,,,,WithGAC,fluidized,25,1000,0.5,,,4.619,,
JW_100,,JW,UASB,2,3,Continuous,Glucose,No,No,glucose,1,None,0,100,,0,20,0.5,6,0.333333333,3,3,1,0.3020133,0.3020133,,,,,,WithGAC,fluidized,25,1000,0.5,,,17,,
JW_101,,JW,UASB,2,3,Continuous,Glucose,No,No,glucose,1,None,0,100,,0,20,0.5,6,0.333333333,3,3,1,0.3128559,0.3128559,,,,,,WithGAC,fluidized,25,1000,0.5,,,31.562,,
JW_102,,JW,UASB,2,3,Continuous,Glucose,No,No,glucose,1,None,0,100,,0,20,0.5,6,0.333333333,3,3,1,0.15,0.15,,,,,,WithGAC,fluidized,25,1000,0.5,,,41.21,,
JW_103,,JW,UASB,2,3,Continuous,Glucose,No,No,glucose,1,None,0,100,,0,20,1.2,2.5,0.8,3,3,1,1.4652636,1.4652636,,,,,,NoGAC,NoGAC,0,0,0,,,5.062,,
JW_104,,JW,UASB,2,3,Continuous,Glucose,No,No,glucose,1,None,0,100,,0,20,1.2,2.5,0.8,3,3,1,1.4826318,1.4826318,,,,,,NoGAC,NoGAC,0,0,0,,,5.122,,
JW_105,,JW,UASB,2,3,Continuous,Glucose,No,No,glucose,1,None,0,100,,0,20,1.2,2.5,0.8,3,3,1,1.7158833,1.7158833,,,,,,NoGAC,NoGAC,0,0,0,,,7.016,,
JW_106,,JW,UASB,2,3,Continuous,Glucose,No,No,glucose,1,None,0,100,,0,20,1.2,2.5,0.8,3,3,1,1.9004928,1.9004928,,,,,,NoGAC,NoGAC,0,0,0,,,8.475,,
JW_107,,JW,UASB,2,3,Continuous,Glucose,No,No,glucose,1,None,0,100,,0,20,1.2,2.5,0.8,3,3,1,0.3803994,0.3803994,,,,,,WithGAC,settled,25,1000,0.03,,,29.644,,
JW_108,,JW,UASB,2,3,Continuous,Glucose,No,No,glucose,1,None,0,100,,0,20,1.2,2.5,0.8,3,3,1,0.2370969,0.2370969,,,,,,WithGAC,settled,25,1000,0.03,,,37.401,,
JW_109,,JW,UASB,2,3,Continuous,Glucose,No,No,glucose,1,None,0,100,,0,20,1.2,2.5,0.8,3,3,1,0.4209678,0.4209678,,,,,,WithGAC,settled,25,1000,0.03,,,41.452,,
JW_110,,JW,UASB,2,3,Continuous,Glucose,No,No,glucose,1,None,0,100,,0,20,1.2,2.5,0.8,3,3,1,0.5815311,0.5815311,,,,,,WithGAC,settled,25,1000,0.03,,,48.292,,
JW_111,,JW,UASB,2,3,Continuous,Glucose,No,No,glucose,1,None,0,100,,0,20,1.2,2.5,0.8,3,3,1,0.2197287,0.2197287,,,,,,WithGAC,fluidized,25,1000,0.5,,,30.476,,
JW_112,,JW,UASB,2,3,Continuous,Glucose,No,No,glucose,1,None,0,100,,0,20,1.2,2.5,0.8,3,3,1,0.1887096,0.1887096,,,,,,WithGAC,fluidized,25,1000,0.5,,,39.407,,
JW_113,,JW,UASB,2,3,Continuous,Glucose,No,No,glucose,1,None,0,100,,0,20,1.2,2.5,0.8,3,3,1,0.3967743,0.3967743,,,,,,WithGAC,fluidized,25,1000,0.5,,,44.886,,
JW_114,,JW,UASB,2,3,Continuous,Glucose,No,No,glucose,1,None,0,100,,0,20,1.2,2.5,0.8,3,3,1,0.4033599,0.4033599,,,,,,WithGAC,fluidized,25,1000,0.5,,,51.253,,
JW_115,,JW,UASB,2,3,Continuous,Glucose,No,No,glucose,1,None,0,100,,0,20,1.5,2,1,3,3,1,0.9722784,0.9722784,,,,,,NoGAC,NoGAC,0,0,0,,,37,,
JW_116,,JW,UASB,2,3,Continuous,Glucose,No,No,glucose,1,None,0,100,,0,20,1.5,2,1,3,3,1,0.9865773,0.9865773,,,,,,NoGAC,NoGAC,0,0,0,,,41.061,,
JW_117,,JW,UASB,2,3,Continuous,Glucose,No,No,glucose,1,None,0,100,,0,20,1.5,2,1,3,3,1,0.97758,0.97758,,,,,,NoGAC,NoGAC,0,0,0,,,43.208,,
JW_118,,JW,UASB,2,3,Continuous,Glucose,No,No,glucose,1,None,0,100,,0,20,1.5,2,1,3,3,1,0.9387096,0.9387096,,,,,,NoGAC,NoGAC,0,0,0,,,42.093,0.001428571,0.037142857
JW_119,,JW,UASB,2,3,Continuous,Glucose,No,No,glucose,1,None,0,100,,0,20,1.5,2,1,3,3,1,0.1604499,0.1604499,,,,,,WithGAC,settled,25,1000,0.03,,,66,,
JW_120,,JW,UASB,2,3,Continuous,Glucose,No,No,glucose,1,None,0,100,,0,20,1.5,2,1,3,3,1,0.2315436,0.2315436,,,,,,WithGAC,settled,25,1000,0.03,,,64.62,,
JW_121,,JW,UASB,2,3,Continuous,Glucose,No,No,glucose,1,None,0,100,,0,20,1.5,2,1,3,3,1,0.2177778,0.2177778,,,,,,WithGAC,settled,25,1000,0.03,,,65.168,,
JW_122,,JW,UASB,2,3,Continuous,Glucose,No,No,glucose,1,None,0,100,,0,20,1.5,2,1,3,3,1,0.2177418,0.2177418,,,,,,WithGAC,settled,25,1000,0.03,,,64.581,0.03,0.041428571
JW_123,,JW,UASB,2,3,Continuous,Glucose,No,No,glucose,1,None,0,100,,0,20,1.5,2,1,3,3,1,0.0981858,0.0981858,,,,,,WithGAC,fluidized,25,1000,0.5,,,76.999,,
JW_124,,JW,UASB,2,3,Continuous,Glucose,No,No,glucose,1,None,0,100,,0,20,1.5,2,1,3,3,1,0.1610739,0.1610739,,,,,,WithGAC,fluidized,25,1000,0.5,,,75.345,,
JW_125,,JW,UASB,2,3,Continuous,Glucose,No,No,glucose,1,None,0,100,,0,20,1.5,2,1,3,3,1,0.1766418,0.1766418,,,,,,WithGAC,fluidized,25,1000,0.5,,,75.346,,
JW_126,,JW,UASB,2,3,Continuous,Glucose,No,No,glucose,1,None,0,100,,0,20,1.5,2,1,3,3,1,0.1703226,0.1703226,,,,,,WithGAC,fluidized,25,1000,0.5,,,76.461,0.011428571,0.047142857
LZ_01,LZ01,LZ,UASB,1,5.833333333,Continuous,Blackwater,No,No,Blackwater,1,None,0,,30,,35,0.4,8,0.125,2.8,1.96,0.7,0.91084,0.6922384,9.1,,0.09171,279.9100308,300,NoGAC,NoGAC,0,0,0,0,,13.89,0.182,0.203
LZ_02,LZ02_ave,LZ,UASB,1,5.833333333,Continuous,Blackwater,No,No,Blackwater,1,None,0,,30,,35,0.4,8,0.125,2.8,1.96,0.7,0.33768,0.2566368,9.7,,0.00926,260.3317877,300,WithGAC,settled,20,637.5,0.03,0,,29.44,0.079,0.134
LZ_03,LZ03,LZ,UASB,1,5.833333333,Continuous,Blackwater,No,No,Blackwater,1,None,0,,30,,35,0.95,4,0.25,3.8,2.4434,0.643,0.55632,0.4951248,11.32,,0.0514,265.6957854,156,NoGAC,NoGAC,0,0,0,4.508683473,,52.88,0.08,0.221
LZ_04,LZ04_ave,LZ,UASB,1,5.833333333,Continuous,Blackwater,No,No,Blackwater,1,None,0,,30,,35,0.95,4,0.25,3.8,2.4434,0.643,0.28538,0.2539882,8.45,,0.00692,176.2096593,156,WithGAC,settled,20,637.5,0.03,2.643977591,,58.56,0.044,0.249
LZ_05,LZ05,LZ,UASB,1,5.833333333,Continuous,Blackwater,No,No,Blackwater,1,None,0,,30,,35,2.25,2,0.5,4.6,2.5,0.543478261,0.8,0.6,9.15,0.4,0.06,0.9,82,NoGAC,NoGAC,0,0,0,24.96190476,,52.7,0.035,0.342
LZ_06,LZ06_ave,LZ,UASB,1,5.833333333,Continuous,Blackwater,No,No,Blackwater,1,None,0,,30,,35,2.25,2,0.5,4.6,2.3,0.5,0.8,0.5,9.1,0.4,0.01,,82,WithGAC,settled,20,637.5,0.03,32.93913043,,55.6,0.035,0.423
LZ_07,LZ10,LZ,UASB,1,5.833333333,Continuous,Blackwater,No,No,Blackwater,1,None,0,,30,,35,5.11,1,1,5.1,1.6,0.31372549,0.9,0.5,14.18,0.4,0.08,1,,NoGAC,NoGAC,0,0,0,39.53428571,,48.7,0.08,0.386
LZ_08,LZ11_ave,LZ,UASB,1,5.833333333,Continuous,Blackwater,No,No,Blackwater,1,None,0,,30,,35,5.11,1,1,5.1,2.3,0.450980392,0.8,0.4,11,0.4,0.02,,,WithGAC,settled,20,637.5,0.03,30.31785714,,53.9,0.044,0.443
LZ_09,LZ13,LZ,UASB,1,5.833333333,Continuous,Blackwater,No,No,Blackwater,1,None,0,,30,,35,9.26,0.5,2,4.3,2.3,0.534883721,0.9,0.4,17.35,0.4,0.1,,,NoGAC,NoGAC,0,0,0,26.69,,56.6,0.216,0.436
LZ_10,LZ14_ave,LZ,UASB,1,5.833333333,Continuous,Blackwater,No,No,Blackwater,1,None,0,,30,,35,9.26,0.5,2,4.3,2.3,0.534883721,0.8,0.3,12.45,0.4,0.04,,,WithGAC,settled,20,637.5,0.03,32.655,,61.7,0.118,0.387
LZ_11,LZ16,LZ,UASB,1,5.833333333,Continuous,Blackwater,No,No,Blackwater,1,None,0,,30,,35,13.64,0.33,3.03030303,4.3,2.3,0.534883721,0.9,0.4,22.65,0.4,0.1,,,NoGAC,NoGAC,0,0,0,30.13,,58.2,0.072,0.252
LZ_12,LZ17_ave,LZ,UASB,1,5.833333333,Continuous,Blackwater,No,No,Blackwater,1,None,0,,30,,35,13.64,0.33,3.03030303,4.3,2.3,0.534883721,0.6,0.5,18.93,0.4,0.07,,,WithGAC,settled,20,637.5,0.03,39.86,,60.4,0.079,0.358
QZ_01,QZ01,QZ,Anaerobic sequencing batch reactors,2,1.36,Semi-continuous,Blackwater + kitchen wastes ,No,Yes,Blackwater,,kitchen wastes ,,,20,,55,2.4,16,0.136,34.1,14.02,0.411143695,10.76,5.83,17.32,,2276.9,258.7483232,26.78,NoGAC,NoGAC,0,0,0,64.15260116,,65,,
QZ_02,QZ02,QZ,Anaerobic sequencing batch reactors,2,1.36,Semi-continuous,Blackwater + kitchen wastes ,No,Yes,Blackwater,,kitchen wastes ,,,20,,35,2.4,16,0.136,34.1,14.02,0.411143695,7.34,3.84,17.32,,700,35.93308021,38.04,NoGAC,NoGAC,0,0,0,79.18236994,,78.1,,
QZ_03,QZ03,QZ,Anaerobic sequencing batch reactors,2,1.36,Semi-continuous,Blackwater + kitchen wastes ,No,Yes,Blackwater,,kitchen wastes ,,,20,,55,3.1,10,0.2,33.1,19.2,0.580060423,16.38,10.63,18.86,,5714.5,258.7483232,15.79,NoGAC,NoGAC,0,0,0,0,,12.9,,
QZ_04,QZ04,QZ,Anaerobic sequencing batch reactors,2,1.36,Semi-continuous,Blackwater + kitchen wastes ,No,Yes,Blackwater,,kitchen wastes ,,,20,,35,3.1,10,0.2,31.2,16.17,0.518269231,6.16,2.95,17.44,,628.3,35.93308021,41.68,NoGAC,NoGAC,0,0,0,87.02398844,,83.2,,
QZ_05,QZ05,QZ,Anaerobic sequencing batch reactors,2,1.36,Semi-continuous,Blackwater + kitchen wastes ,No,Yes,Blackwater,,kitchen wastes ,,,20,,35,4.8,7,0.268,33,15.43,0.467575758,9.44,3.57,18.35,,743,35.93308021,18.54,NoGAC,NoGAC,0,0,0,88.14421965,,81.6,,
QZ_06,QZ06,QZ,Anaerobic sequencing batch reactors,2,1.36,Semi-continuous,Blackwater + kitchen wastes ,No,Yes,Blackwater,,kitchen wastes ,,,20,,55,1.7,20,0.1,32.1,13.97,0.435202492,9.25,5.92,19.1,,990.4,258.7483232,38.65,NoGAC,NoGAC,0,0,0,74.04797688,,71.7,,
QZ_07,QZ07,QZ,Anaerobic sequencing batch reactors,2,1.36,Semi-continuous,Blackwater + kitchen wastes ,No,Yes,Blackwater,,kitchen wastes ,,,20,,55,1.7,20,0.1,32.1,13.97,0.435202492,9.25,5.92,19.1,,990.4,258.7483232,38.65,NoGAC,NoGAC,0,0,0,74.04797688,,71.7,,
QZ_08,QZ08,QZ,Anaerobic sequencing batch reactors,2,1.36,Semi-continuous,Blackwater + kitchen wastes ,No,Yes,Blackwater,,kitchen wastes ,,,20,,35,1.7,20,0.1,32.1,13.97,0.435202492,9.58,5.46,19.1,,1049.3,35.93308021,36.32,NoGAC,NoGAC,0,0,0,74.04797688,,71.2,,
QZ_09,QZ09,QZ,Anaerobic sequencing batch reactors,2,1.36,Semi-continuous,Blackwater + kitchen wastes ,No,Yes,Blackwater,,kitchen wastes ,,,20,,35,1.7,20,0.1,32.1,13.97,0.435202492,9.58,5.46,19.1,,1049.3,35.93308021,36.32,NoGAC,NoGAC,0,0,0,74.04797688,,71.2,,